,dia,variable,value
3352,2013-01-07,s,10534
3353,2013-01-08,s,10822
3354,2013-01-09,s,11062
3355,2013-01-10,s,10948
3356,2013-01-11,s,10790
3357,2013-01-12,s,9574
3358,2013-01-13,s,8407
3359,2013-01-14,s,11093
3360,2013-01-15,s,11682
3361,2013-01-16,s,11548
3362,2013-01-17,s,11951
3363,2013-01-18,s,11898
3364,2013-01-19,s,10124
3365,2013-01-20,s,8548
3366,2013-01-21,s,10945
3367,2013-01-22,s,11445
3368,2013-01-23,s,11709
3369,2013-01-24,s,12170
3370,2013-01-25,s,11789
3371,2013-01-26,s,9979
3372,2013-01-27,s,8480
3373,2013-01-28,s,11406
3374,2013-01-29,s,12089
3375,2013-01-30,s,12234
3376,2013-01-31,s,12623
3377,2013-02-01,s,12904
3378,2013-02-02,s,10941
3379,2013-02-03,s,8846
3380,2013-02-04,s,10930
3381,2013-02-05,s,11517
3382,2013-02-06,s,11607
3383,2013-02-07,s,11405
3384,2013-02-08,s,11351
3385,2013-02-09,s,9917
3386,2013-02-10,s,8456
3387,2013-02-11,s,10298
3388,2013-02-12,s,10366
3389,2013-02-13,s,11678
3390,2013-02-14,s,11985
3391,2013-02-15,s,11742
3392,2013-02-16,s,10481
3393,2013-02-17,s,9077
3394,2013-02-18,s,11661
3395,2013-02-19,s,11892
3396,2013-02-20,s,12061
3397,2013-02-21,s,11699
3398,2013-02-22,s,11579
3399,2013-02-23,s,9953
3400,2013-02-24,s,8841
3401,2013-02-25,s,11715
3402,2013-02-26,s,11511
3403,2013-02-27,s,11270
3404,2013-02-28,s,11430
3405,2013-03-01,s,11824
3406,2013-03-02,s,10343
3407,2013-03-03,s,8966
3408,2013-03-04,s,11451
3409,2013-03-05,s,11232
3410,2013-03-06,s,11126
3411,2013-03-07,s,11375
3412,2013-03-08,s,11676
3413,2013-03-09,s,9801
3414,2013-03-10,s,8130
3415,2013-03-11,s,11104
3416,2013-03-12,s,11269
3417,2013-03-13,s,10864
3418,2013-03-14,s,10662
3419,2013-03-15,s,10695
3420,2013-03-16,s,9422
3421,2013-03-17,s,7828
3422,2013-03-18,s,10194
3423,2013-03-19,s,10592
3424,2013-03-20,s,10659
3425,2013-03-21,s,10638
3426,2013-03-22,s,10803
3427,2013-03-23,s,9418
3428,2013-03-24,s,7809
3429,2013-03-25,s,10529
3430,2013-03-26,s,10980
3431,2013-03-27,s,10938
3432,2013-03-28,s,10755
3433,2013-03-29,s,7887
3434,2013-03-30,s,8406
3435,2013-03-31,s,7866
3436,2013-04-01,s,11042
3437,2013-04-02,s,11320
3438,2013-04-03,s,11367
3439,2013-04-04,s,11333
3440,2013-04-05,s,10620
3441,2013-04-06,s,9171
3442,2013-04-07,s,7932
3443,2013-04-08,s,10600
3444,2013-04-09,s,10885
3445,2013-04-10,s,11017
3446,2013-04-11,s,11103
3447,2013-04-12,s,10959
3448,2013-04-13,s,9101
3449,2013-04-14,s,7543
3450,2013-04-15,s,10131
3451,2013-04-16,s,10399
3452,2013-04-17,s,10588
3453,2013-04-18,s,10649
3454,2013-04-19,s,10673
3455,2013-04-20,s,9153
3456,2013-04-21,s,7663
3457,2013-04-22,s,10151
3458,2013-04-23,s,10684
3459,2013-04-24,s,10793
3460,2013-04-25,s,10830
3461,2013-04-26,s,10852
3462,2013-04-27,s,9348
3463,2013-04-28,s,8077
3464,2013-04-29,s,10308
3465,2013-04-30,s,10693
3466,2013-05-01,s,8469
3467,2013-05-02,s,10834
3468,2013-05-03,s,10992
3469,2013-05-04,s,9208
3470,2013-05-05,s,7633
3471,2013-05-06,s,9799
3472,2013-05-07,s,10092
3473,2013-05-08,s,10320
3474,2013-05-09,s,10377
3475,2013-05-10,s,10305
3476,2013-05-11,s,8868
3477,2013-05-12,s,7416
3478,2013-05-13,s,10221
3479,2013-05-14,s,10705
3480,2013-05-15,s,10724
3481,2013-05-16,s,10482
3482,2013-05-17,s,10420
3483,2013-05-18,s,9060
3484,2013-05-19,s,7778
3485,2013-05-20,s,10098
3486,2013-05-21,s,10393
3487,2013-05-22,s,10588
3488,2013-05-23,s,10658
3489,2013-05-24,s,10707
3490,2013-05-25,s,9425
3491,2013-05-26,s,7720
3492,2013-05-27,s,10369
3493,2013-05-28,s,10838
3494,2013-05-29,s,10525
3495,2013-05-30,s,8517
3496,2013-05-31,s,9426
3497,2013-06-01,s,8629
3498,2013-06-02,s,7345
3499,2013-06-03,s,9861
3500,2013-06-04,s,10418
3501,2013-06-05,s,10549
3502,2013-06-06,s,10606
3503,2013-06-07,s,10527
3504,2013-06-08,s,9165
3505,2013-06-09,s,7619
3506,2013-06-10,s,10330
3507,2013-06-11,s,10874
3508,2013-06-12,s,10843
3509,2013-06-13,s,10703
3510,2013-06-14,s,10674
3511,2013-06-15,s,9177
3512,2013-06-16,s,7844
3513,2013-06-17,s,10496
3514,2013-06-18,s,10871
3515,2013-06-19,s,10920
3516,2013-06-20,s,10876
3517,2013-06-21,s,10737
3518,2013-06-22,s,8892
3519,2013-06-23,s,7526
3520,2013-06-24,s,10313
3521,2013-06-25,s,10731
3522,2013-06-26,s,10811
3523,2013-06-27,s,10803
3524,2013-06-28,s,10570
3525,2013-06-29,s,9105
3526,2013-06-30,s,7577
3527,2013-07-01,s,10370
3528,2013-07-02,s,10791
3529,2013-07-03,s,10753
3530,2013-07-04,s,10738
3531,2013-07-05,s,10731
3532,2013-07-06,s,9214
3533,2013-07-07,s,7748
3534,2013-07-08,s,10313
3535,2013-07-09,s,10699
3536,2013-07-10,s,10721
3537,2013-07-11,s,10593
3538,2013-07-12,s,10758
3539,2013-07-13,s,9235
3540,2013-07-14,s,7764
3541,2013-07-15,s,10327
3542,2013-07-16,s,10636
3543,2013-07-17,s,10592
3544,2013-07-18,s,10672
3545,2013-07-19,s,10960
3546,2013-07-20,s,9410
3547,2013-07-21,s,7795
3548,2013-07-22,s,10569
3549,2013-07-23,s,11093
3550,2013-07-24,s,11175
3551,2013-07-25,s,11220
3552,2013-07-26,s,10805
3553,2013-07-27,s,9237
3554,2013-07-28,s,7803
3555,2013-07-29,s,10418
3556,2013-07-30,s,10854
3557,2013-07-31,s,10744
3558,2013-08-01,s,10644
3559,2013-08-02,s,10659
3560,2013-08-03,s,9106
3561,2013-08-04,s,7426
3562,2013-08-05,s,10028
3563,2013-08-06,s,10485
3564,2013-08-07,s,10508
3565,2013-08-08,s,10713
3566,2013-08-09,s,10826
3567,2013-08-10,s,9305
3568,2013-08-11,s,7524
3569,2013-08-12,s,10111
3570,2013-08-13,s,10733
3571,2013-08-14,s,10984
3572,2013-08-15,s,10804
3573,2013-08-16,s,10685
3574,2013-08-17,s,9177
3575,2013-08-18,s,7667
3576,2013-08-19,s,10222
3577,2013-08-20,s,10584
3578,2013-08-21,s,10698
3579,2013-08-22,s,10795
3580,2013-08-23,s,10967
3581,2013-08-24,s,9487
3582,2013-08-25,s,8080
3583,2013-08-26,s,10726
3584,2013-08-27,s,11059
3585,2013-08-28,s,10772
3586,2013-08-29,s,10766
3587,2013-08-30,s,10634
3588,2013-08-31,s,8917
3589,2013-09-01,s,7577
3590,2013-09-02,s,10005
3591,2013-09-03,s,10592
3592,2013-09-04,s,10622
3593,2013-09-05,s,10508
3594,2013-09-06,s,10390
3595,2013-09-07,s,8173
3596,2013-09-08,s,7705
3597,2013-09-09,s,10542
3598,2013-09-10,s,10894
3599,2013-09-11,s,11102
3600,2013-09-12,s,11215
3601,2013-09-13,s,11421
3602,2013-09-14,s,9599
3603,2013-09-15,s,8013
3604,2013-09-16,s,10440
3605,2013-09-17,s,10378
3606,2013-09-18,s,10534
3607,2013-09-19,s,10525
3608,2013-09-20,s,9985
3609,2013-09-21,s,9029
3610,2013-09-22,s,7789
3611,2013-09-23,s,10173
3612,2013-09-24,s,10560
3613,2013-09-25,s,10472
3614,2013-09-26,s,10468
3615,2013-09-27,s,10391
3616,2013-09-28,s,9024
3617,2013-09-29,s,7674
3618,2013-09-30,s,10275
3619,2013-10-01,s,10543
3620,2013-10-02,s,10672
3621,2013-10-03,s,10737
3622,2013-10-04,s,10679
3623,2013-10-05,s,9065
3624,2013-10-06,s,7469
3625,2013-10-07,s,10045
3626,2013-10-08,s,10472
3627,2013-10-09,s,10652
3628,2013-10-10,s,10805
3629,2013-10-11,s,10784
3630,2013-10-12,s,8195
3631,2013-10-13,s,7576
3632,2013-10-14,s,10699
3633,2013-10-15,s,11166
3634,2013-10-16,s,11049
3635,2013-10-17,s,10971
3636,2013-10-18,s,10868
3637,2013-10-19,s,9460
3638,2013-10-20,s,7434
3639,2013-10-21,s,10531
3640,2013-10-22,s,10873
3641,2013-10-23,s,11067
3642,2013-10-24,s,11249
3643,2013-10-25,s,10933
3644,2013-10-26,s,9603
3645,2013-10-27,s,8050
3646,2013-10-28,s,10358
3647,2013-10-29,s,10656
3648,2013-10-30,s,10983
3649,2013-10-31,s,11006
3650,2013-11-01,s,10866
3651,2013-11-02,s,8388
3652,2013-11-03,s,8020
3653,2013-11-04,s,10636
3654,2013-11-05,s,11006
3655,2013-11-06,s,10970
3656,2013-11-07,s,11036
3657,2013-11-08,s,11326
3658,2013-11-09,s,9981
3659,2013-11-10,s,8603
3660,2013-11-11,s,11242
3661,2013-11-12,s,11075
3662,2013-11-13,s,11248
3663,2013-11-14,s,11201
3664,2013-11-15,s,9252
3665,2013-11-16,s,8933
3666,2013-11-17,s,7715
3667,2013-11-18,s,10905
3668,2013-11-19,s,11855
3669,2013-11-20,s,11825
3670,2013-11-21,s,11706
3671,2013-11-22,s,11127
3672,2013-11-23,s,9430
3673,2013-11-24,s,8022
3674,2013-11-25,s,11240
3675,2013-11-26,s,12074
3676,2013-11-27,s,12181
3677,2013-11-28,s,12147
3678,2013-11-29,s,11543
3679,2013-11-30,s,9870
3680,2013-12-01,s,8431
3681,2013-12-02,s,11024
3682,2013-12-03,s,12303
3683,2013-12-04,s,12365
3684,2013-12-05,s,11762
3685,2013-12-06,s,11063
3686,2013-12-07,s,9817
3687,2013-12-08,s,8615
3688,2013-12-09,s,11755
3689,2013-12-10,s,11659
3690,2013-12-11,s,11365
3691,2013-12-12,s,11364
3692,2013-12-13,s,11583
3693,2013-12-14,s,10201
3694,2013-12-15,s,9045
3695,2013-12-16,s,11881
3696,2013-12-17,s,12135
3697,2013-12-18,s,12137
3698,2013-12-19,s,12125
3699,2013-12-20,s,11846
3700,2013-12-21,s,10496
3701,2013-12-22,s,9256
3702,2013-12-23,s,10452
3703,2013-12-24,s,9844
3704,2013-12-25,s,8803
3705,2013-12-26,s,11246
3706,2013-12-27,s,11880
3707,2013-12-28,s,10656
3708,2013-12-29,s,9615
3709,2013-12-30,s,10529
3710,2013-12-31,s,9585
3711,2014-01-01,s,8452
3712,2014-01-02,s,10377
3713,2014-01-03,s,10431
3714,2014-01-04,s,9028
3715,2014-01-05,s,8201
3716,2014-01-06,s,11070
3717,2014-01-07,s,12069
3718,2014-01-08,s,12212
3719,2014-01-09,s,12376
3720,2014-01-10,s,12623
3721,2014-01-11,s,10334
3722,2014-01-12,s,8570
3723,2014-01-13,s,11275
3724,2014-01-14,s,11960
3725,2014-01-15,s,11920
3726,2014-01-16,s,12019
3727,2014-01-17,s,12523
3728,2014-01-18,s,11103
3729,2014-01-19,s,9804
3730,2014-01-20,s,13114
3731,2014-01-21,s,13750
3732,2014-01-22,s,14255
3733,2014-01-23,s,14356
3734,2014-01-24,s,14258
3735,2014-01-25,s,11116
3736,2014-01-26,s,9210
3737,2014-01-27,s,12755
3738,2014-01-28,s,13876
3739,2014-01-29,s,14291
3740,2014-01-30,s,14105
3741,2014-01-31,s,13564
3742,2014-02-01,s,11517
3743,2014-02-02,s,10347
3744,2014-02-03,s,13945
3745,2014-02-04,s,14314
3746,2014-02-05,s,14729
3747,2014-02-06,s,14991
3748,2014-02-07,s,14902
3749,2014-02-08,s,12612
3750,2014-02-09,s,10685
3751,2014-02-10,s,13935
3752,2014-02-11,s,14352
3753,2014-02-12,s,14411
3754,2014-02-13,s,13335
3755,2014-02-14,s,11899
3756,2014-02-15,s,9769
3757,2014-02-16,s,8599
3758,2014-02-17,s,11659
3759,2014-02-18,s,12445
3760,2014-02-19,s,12684
3761,2014-02-20,s,12560
3762,2014-02-21,s,12818
3763,2014-02-22,s,11055
3764,2014-02-23,s,9196
3765,2014-02-24,s,12076
3766,2014-02-25,s,12556
3767,2014-02-26,s,12461
3768,2014-02-27,s,11688
3769,2014-02-28,s,11239
3770,2014-03-01,s,9661
3771,2014-03-02,s,8482
3772,2014-03-03,s,10286
3773,2014-03-04,s,10144
3774,2014-03-05,s,11257
3775,2014-03-06,s,11765
3776,2014-03-07,s,12008
3777,2014-03-08,s,10225
3778,2014-03-09,s,8842
3779,2014-03-10,s,11857
3780,2014-03-11,s,11981
3781,2014-03-12,s,11907
3782,2014-03-13,s,11880
3783,2014-03-14,s,12247
3784,2014-03-15,s,10696
3785,2014-03-16,s,9233
3786,2014-03-17,s,12245
3787,2014-03-18,s,11997
3788,2014-03-19,s,11667
3789,2014-03-20,s,11437
3790,2014-03-21,s,11395
3791,2014-03-22,s,9471
3792,2014-03-23,s,7777
3793,2014-03-24,s,10746
3794,2014-03-25,s,11399
3795,2014-03-26,s,11545
3796,2014-03-27,s,11907
3797,2014-03-28,s,12086
3798,2014-03-29,s,10527
3799,2014-03-30,s,8820
3800,2014-03-31,s,11507
3801,2014-04-01,s,11799
3802,2014-04-02,s,11868
3803,2014-04-03,s,11867
3804,2014-04-04,s,11836
3805,2014-04-05,s,10239
3806,2014-04-06,s,8996
3807,2014-04-07,s,12155
3808,2014-04-08,s,12545
3809,2014-04-09,s,11616
3810,2014-04-10,s,11347
3811,2014-04-11,s,11606
3812,2014-04-12,s,9758
3813,2014-04-13,s,7833
3814,2014-04-14,s,10351
3815,2014-04-15,s,10841
3816,2014-04-16,s,11102
3817,2014-04-17,s,11178
3818,2014-04-18,s,8157
3819,2014-04-19,s,8393
3820,2014-04-20,s,7374
3821,2014-04-21,s,8349
3822,2014-04-22,s,10800
3823,2014-04-23,s,10966
3824,2014-04-24,s,10888
3825,2014-04-25,s,10816
3826,2014-04-26,s,9336
3827,2014-04-27,s,7802
3828,2014-04-28,s,10424
3829,2014-04-29,s,10871
3830,2014-04-30,s,10849
3831,2014-05-01,s,8274
3832,2014-05-02,s,9562
3833,2014-05-03,s,8657
3834,2014-05-04,s,7534
3835,2014-05-05,s,10436
3836,2014-05-06,s,11062
3837,2014-05-07,s,11170
3838,2014-05-08,s,11226
3839,2014-05-09,s,10839
3840,2014-05-10,s,9147
3841,2014-05-11,s,7571
3842,2014-05-12,s,10461
3843,2014-05-13,s,10925
3844,2014-05-14,s,11056
3845,2014-05-15,s,11063
3846,2014-05-16,s,10854
3847,2014-05-17,s,9221
3848,2014-05-18,s,7768
3849,2014-05-19,s,10448
3850,2014-05-20,s,10913
3851,2014-05-21,s,11008
3852,2014-05-22,s,10787
3853,2014-05-23,s,10594
3854,2014-05-24,s,9121
3855,2014-05-25,s,7883
3856,2014-05-26,s,10367
3857,2014-05-27,s,10837
3858,2014-05-28,s,11001
3859,2014-05-29,s,10906
3860,2014-05-30,s,10728
3861,2014-05-31,s,9189
3862,2014-06-01,s,7680
3863,2014-06-02,s,10274
3864,2014-06-03,s,10789
3865,2014-06-04,s,10768
3866,2014-06-05,s,11016
3867,2014-06-06,s,10933
3868,2014-06-07,s,9402
3869,2014-06-08,s,8083
3870,2014-06-09,s,10633
3871,2014-06-10,s,11037
3872,2014-06-11,s,10884
3873,2014-06-12,s,10460
3874,2014-06-13,s,10890
3875,2014-06-14,s,9501
3876,2014-06-15,s,7904
3877,2014-06-16,s,10486
3878,2014-06-17,s,10378
3879,2014-06-18,s,10789
3880,2014-06-19,s,9003
3881,2014-06-20,s,10062
3882,2014-06-21,s,8899
3883,2014-06-22,s,7746
3884,2014-06-23,s,10032
3885,2014-06-24,s,10681
3886,2014-06-25,s,10793
3887,2014-06-26,s,10582
3888,2014-06-27,s,10826
3889,2014-06-28,s,8944
3890,2014-06-29,s,7782
3891,2014-06-30,s,10448
3892,2014-07-01,s,10762
3893,2014-07-02,s,10755
3894,2014-07-03,s,10904
3895,2014-07-04,s,10444
3896,2014-07-05,s,9142
3897,2014-07-06,s,7821
3898,2014-07-07,s,10395
3899,2014-07-08,s,10461
3900,2014-07-09,s,10980
3901,2014-07-10,s,11002
3902,2014-07-11,s,10872
3903,2014-07-12,s,9103
3904,2014-07-13,s,7620
3905,2014-07-14,s,10409
3906,2014-07-15,s,10795
3907,2014-07-16,s,10953
3908,2014-07-17,s,10963
3909,2014-07-18,s,10674
3910,2014-07-19,s,9130
3911,2014-07-20,s,7644
3912,2014-07-21,s,10334
3913,2014-07-22,s,10800
3914,2014-07-23,s,10938
3915,2014-07-24,s,10973
3916,2014-07-25,s,10591
3917,2014-07-26,s,9100
3918,2014-07-27,s,7689
3919,2014-07-28,s,10542
3920,2014-07-29,s,10727
3921,2014-07-30,s,10712
3922,2014-07-31,s,10749
3923,2014-08-01,s,10724
3924,2014-08-02,s,8909
3925,2014-08-03,s,7532
3926,2014-08-04,s,10402
3927,2014-08-05,s,10699
3928,2014-08-06,s,10638
3929,2014-08-07,s,10829
3930,2014-08-08,s,10839
3931,2014-08-09,s,9213
3932,2014-08-10,s,7635
3933,2014-08-11,s,10478
3934,2014-08-12,s,10967
3935,2014-08-13,s,10732
3936,2014-08-14,s,10877
3937,2014-08-15,s,10775
3938,2014-08-16,s,9055
3939,2014-08-17,s,7407
3940,2014-08-18,s,10175
3941,2014-08-19,s,10711
3942,2014-08-20,s,10664
3943,2014-08-21,s,10749
3944,2014-08-22,s,10844
3945,2014-08-23,s,9350
3946,2014-08-24,s,7949
3947,2014-08-25,s,10560
3948,2014-08-26,s,10603
3949,2014-08-27,s,10703
3950,2014-08-28,s,10863
3951,2014-08-29,s,10695
3952,2014-08-30,s,9089
3953,2014-08-31,s,7585
3954,2014-09-01,s,9982
3955,2014-09-02,s,10527
3956,2014-09-03,s,10465
3957,2014-09-04,s,10362
3958,2014-09-05,s,10309
3959,2014-09-06,s,8734
3960,2014-09-07,s,7245
3961,2014-09-08,s,9947
3962,2014-09-09,s,10832
3963,2014-09-10,s,11119
3964,2014-09-11,s,11029
3965,2014-09-12,s,11082
3966,2014-09-13,s,9643
3967,2014-09-14,s,7983
3968,2014-09-15,s,10521
3969,2014-09-16,s,10620
3970,2014-09-17,s,10725
3971,2014-09-18,s,10759
3972,2014-09-19,s,10418
3973,2014-09-20,s,8836
3974,2014-09-21,s,7447
3975,2014-09-22,s,10070
3976,2014-09-23,s,10588
3977,2014-09-24,s,10673
3978,2014-09-25,s,10734
3979,2014-09-26,s,10613
3980,2014-09-27,s,8978
3981,2014-09-28,s,7545
3982,2014-09-29,s,10291
3983,2014-09-30,s,10713
3984,2014-10-01,s,10546
3985,2014-10-02,s,10485
3986,2014-10-03,s,10362
3987,2014-10-04,s,8648
3988,2014-10-05,s,7120
3989,2014-10-06,s,10050
3990,2014-10-07,s,10724
3991,2014-10-08,s,11139
3992,2014-10-09,s,11383
3993,2014-10-10,s,11502
3994,2014-10-11,s,9706
3995,2014-10-12,s,8223
3996,2014-10-13,s,11172
3997,2014-10-14,s,11386
3998,2014-10-15,s,11406
3999,2014-10-16,s,11418
4000,2014-10-17,s,11422
4001,2014-10-18,s,9589
4002,2014-10-19,s,7897
4003,2014-10-20,s,10274
4004,2014-10-21,s,10694
4005,2014-10-22,s,10736
4006,2014-10-23,s,10972
4007,2014-10-24,s,11245
4008,2014-10-25,s,9579
4009,2014-10-26,s,7968
4010,2014-10-27,s,11229
4011,2014-10-28,s,12104
4012,2014-10-29,s,12440
4013,2014-10-30,s,11838
4014,2014-10-31,s,11547
4015,2014-11-01,s,9864
4016,2014-11-02,s,8107
4017,2014-11-03,s,11239
4018,2014-11-04,s,11469
4019,2014-11-05,s,11007
4020,2014-11-06,s,11165
4021,2014-11-07,s,10907
4022,2014-11-08,s,9251
4023,2014-11-09,s,8054
4024,2014-11-10,s,11266
4025,2014-11-11,s,11671
4026,2014-11-12,s,11604
4027,2014-11-13,s,11511
4028,2014-11-14,s,11061
4029,2014-11-15,s,8723
4030,2014-11-16,s,8093
4031,2014-11-17,s,11332
4032,2014-11-18,s,11813
4033,2014-11-19,s,12110
4034,2014-11-20,s,12232
4035,2014-11-21,s,12177
4036,2014-11-22,s,10174
4037,2014-11-23,s,8486
4038,2014-11-24,s,11753
4039,2014-11-25,s,11985
4040,2014-11-26,s,11766
4041,2014-11-27,s,12035
4042,2014-11-28,s,11978
4043,2014-11-29,s,10532
4044,2014-11-30,s,9185
4045,2014-12-01,s,12368
4046,2014-12-02,s,12869
4047,2014-12-03,s,12244
4048,2014-12-04,s,11874
4049,2014-12-05,s,11862
4050,2014-12-06,s,10340
4051,2014-12-07,s,9618
4052,2014-12-08,s,13082
4053,2014-12-09,s,13127
4054,2014-12-10,s,13030
4055,2014-12-11,s,12798
4056,2014-12-12,s,12433
4057,2014-12-13,s,10361
4058,2014-12-14,s,8748
4059,2014-12-15,s,11449
4060,2014-12-16,s,11918
4061,2014-12-17,s,11969
4062,2014-12-18,s,12257
4063,2014-12-19,s,11986
4064,2014-12-20,s,10751
4065,2014-12-21,s,8584
4066,2014-12-22,s,9497
4067,2014-12-23,s,9253
4068,2014-12-24,s,8280
4069,2014-12-25,s,7191
4070,2014-12-26,s,9169
4071,2014-12-27,s,8624
4072,2014-12-28,s,8132
4073,2014-12-29,s,9582
4074,2014-12-30,s,9911
4075,2014-12-31,s,8898
4076,2015-01-01,s,7718
4077,2015-01-02,s,8512
4078,2015-01-03,s,8511
4079,2015-01-04,s,8229
4080,2015-01-05,s,10872
4081,2015-01-06,s,12308
4082,2015-01-07,s,12697
4083,2015-01-08,s,12421
4084,2015-01-09,s,12302
4085,2015-01-10,s,10970
4086,2015-01-11,s,9661
4087,2015-01-12,s,13023
4088,2015-01-13,s,13817
4089,2015-01-14,s,13255
4090,2015-01-15,s,12701
4091,2015-01-16,s,12996
4092,2015-01-17,s,11493
4093,2015-01-18,s,9946
4094,2015-01-19,s,13065
4095,2015-01-20,s,12986
4096,2015-01-21,s,12328
4097,2015-01-22,s,12202
4098,2015-01-23,s,12376
4099,2015-01-24,s,11064
4100,2015-01-25,s,9693
4101,2015-01-26,s,12979
4102,2015-01-27,s,13527
4103,2015-01-28,s,13362
4104,2015-01-29,s,12683
4105,2015-01-30,s,11973
4106,2015-01-31,s,10274
4107,2015-02-01,s,9226
4108,2015-02-02,s,12446
4109,2015-02-03,s,13181
4110,2015-02-04,s,12704
4111,2015-02-05,s,12479
4112,2015-02-06,s,12473
4113,2015-02-07,s,10782
4114,2015-02-08,s,9564
4115,2015-02-09,s,12907
4116,2015-02-10,s,13513
4117,2015-02-11,s,13437
4118,2015-02-12,s,13510
4119,2015-02-13,s,13075
4120,2015-02-14,s,10505
4121,2015-02-15,s,8722
4122,2015-02-16,s,10563
4123,2015-02-17,s,10655
4124,2015-02-18,s,12041
4125,2015-02-19,s,12547
4126,2015-02-20,s,12239
4127,2015-02-21,s,10754
4128,2015-02-22,s,9109
4129,2015-02-23,s,12004
4130,2015-02-24,s,12148
4131,2015-02-25,s,12225
4132,2015-02-26,s,12415
4133,2015-02-27,s,12318
4134,2015-02-28,s,10255
4135,2015-03-01,s,8960
4136,2015-03-02,s,12115
4137,2015-03-03,s,13049
4138,2015-03-04,s,13108
4139,2015-03-05,s,12974
4140,2015-03-06,s,12634
4141,2015-03-07,s,10613
4142,2015-03-08,s,9271
4143,2015-03-09,s,12262
4144,2015-03-10,s,12623
4145,2015-03-11,s,12671
4146,2015-03-12,s,12733
4147,2015-03-13,s,12806
4148,2015-03-14,s,11401
4149,2015-03-15,s,9967
4150,2015-03-16,s,12826
4151,2015-03-17,s,12858
4152,2015-03-18,s,12723
4153,2015-03-19,s,12644
4154,2015-03-20,s,12711
4155,2015-03-21,s,10671
4156,2015-03-22,s,8654
4157,2015-03-23,s,11367
4158,2015-03-24,s,12045
4159,2015-03-25,s,12291
4160,2015-03-26,s,12181
4161,2015-03-27,s,11647
4162,2015-03-28,s,9851
4163,2015-03-29,s,8282
4164,2015-03-30,s,10905
4165,2015-03-31,s,11465
4166,2015-04-01,s,11795
4167,2015-04-02,s,11624
4168,2015-04-03,s,8737
4169,2015-04-04,s,9279
4170,2015-04-05,s,8224
4171,2015-04-06,s,10726
4172,2015-04-07,s,11097
4173,2015-04-08,s,11300
4174,2015-04-09,s,11613
4175,2015-04-10,s,11731
4176,2015-04-11,s,10141
4177,2015-04-12,s,8734
4178,2015-04-13,s,11525
4179,2015-04-14,s,11881
4180,2015-04-15,s,11916
4181,2015-04-16,s,11732
4182,2015-04-17,s,11596
4183,2015-04-18,s,9572
4184,2015-04-19,s,8235
4185,2015-04-20,s,10272
4186,2015-04-21,s,9173
4187,2015-04-22,s,10688
4188,2015-04-23,s,10904
4189,2015-04-24,s,11035
4190,2015-04-25,s,9380
4191,2015-04-26,s,7961
4192,2015-04-27,s,10834
4193,2015-04-28,s,11221
4194,2015-04-29,s,10991
4195,2015-04-30,s,10825
4196,2015-05-01,s,8216
4197,2015-05-02,s,8143
4198,2015-05-03,s,7779
4199,2015-05-04,s,10266
4200,2015-05-05,s,10766
4201,2015-05-06,s,10971
4202,2015-05-07,s,10876
4203,2015-05-08,s,10844
4204,2015-05-09,s,9220
4205,2015-05-10,s,7820
4206,2015-05-11,s,10466
4207,2015-05-12,s,10753
4208,2015-05-13,s,10780
4209,2015-05-14,s,10665
4210,2015-05-15,s,10540
4211,2015-05-16,s,9090
4212,2015-05-17,s,7788
4213,2015-05-18,s,10422
4214,2015-05-19,s,10806
4215,2015-05-20,s,10886
4216,2015-05-21,s,11031
4217,2015-05-22,s,11218
4218,2015-05-23,s,9598
4219,2015-05-24,s,8019
4220,2015-05-25,s,10225
4221,2015-05-26,s,10558
4222,2015-05-27,s,10574
4223,2015-05-28,s,10397
4224,2015-05-29,s,10215
4225,2015-05-30,s,8677
4226,2015-05-31,s,7362
4227,2015-06-01,s,10169
4228,2015-06-02,s,10542
4229,2015-06-03,s,10492
4230,2015-06-04,s,8615
4231,2015-06-05,s,9444
4232,2015-06-06,s,8653
4233,2015-06-07,s,7804
4234,2015-06-08,s,10457
4235,2015-06-09,s,11009
4236,2015-06-10,s,11155
4237,2015-06-11,s,11044
4238,2015-06-12,s,10616
4239,2015-06-13,s,9051
4240,2015-06-14,s,7589
4241,2015-06-15,s,9914
4242,2015-06-16,s,10367
4243,2015-06-17,s,10563
4244,2015-06-18,s,10734
4245,2015-06-19,s,10496
4246,2015-06-20,s,8727
4247,2015-06-21,s,7447
4248,2015-06-22,s,9968
4249,2015-06-23,s,10425
4250,2015-06-24,s,10673
4251,2015-06-25,s,10417
4252,2015-06-26,s,10318
4253,2015-06-27,s,8677
4254,2015-06-28,s,7376
4255,2015-06-29,s,9988
4256,2015-06-30,s,10347
4257,2015-07-01,s,10399
4258,2015-07-02,s,10609
4259,2015-07-03,s,10556
4260,2015-07-04,s,8849
4261,2015-07-05,s,7695
4262,2015-07-06,s,10331
4263,2015-07-07,s,10838
4264,2015-07-08,s,10791
4265,2015-07-09,s,10611
4266,2015-07-10,s,10359
4267,2015-07-11,s,9036
4268,2015-07-12,s,7674
4269,2015-07-13,s,10207
4270,2015-07-14,s,10633
4271,2015-07-15,s,10899
4272,2015-07-16,s,10664
4273,2015-07-17,s,10432
4274,2015-07-18,s,8797
4275,2015-07-19,s,7340
4276,2015-07-20,s,10114
4277,2015-07-21,s,10410
4278,2015-07-22,s,10367
4279,2015-07-23,s,10464
4280,2015-07-24,s,10362
4281,2015-07-25,s,8608
4282,2015-07-26,s,7340
4283,2015-07-27,s,9835
4284,2015-07-28,s,10497
4285,2015-07-29,s,10600
4286,2015-07-30,s,10658
4287,2015-07-31,s,10532
4288,2015-08-01,s,8959
4289,2015-08-02,s,7688
4290,2015-08-03,s,10332
4291,2015-08-04,s,10721
4292,2015-08-05,s,10792
4293,2015-08-06,s,10793
4294,2015-08-07,s,10901
4295,2015-08-08,s,9548
4296,2015-08-09,s,7953
4297,2015-08-10,s,10705
4298,2015-08-11,s,11039
4299,2015-08-12,s,11089
4300,2015-08-13,s,11050
4301,2015-08-14,s,10777
4302,2015-08-15,s,9118
4303,2015-08-16,s,7725
4304,2015-08-17,s,10415
4305,2015-08-18,s,10813
4306,2015-08-19,s,10606
4307,2015-08-20,s,10485
4308,2015-08-21,s,10405
4309,2015-08-22,s,8894
4310,2015-08-23,s,7622
4311,2015-08-24,s,10100
4312,2015-08-25,s,10521
4313,2015-08-26,s,10625
4314,2015-08-27,s,10221
4315,2015-08-28,s,10277
4316,2015-08-29,s,8902
4317,2015-08-30,s,7619
4318,2015-08-31,s,10420
4319,2015-09-01,s,10686
4320,2015-09-02,s,10524
4321,2015-09-03,s,10502
4322,2015-09-04,s,10146
4323,2015-09-05,s,8530
4324,2015-09-06,s,7194
4325,2015-09-07,s,7399
4326,2015-09-08,s,9603
4327,2015-09-09,s,10205
4328,2015-09-10,s,10380
4329,2015-09-11,s,10171
4330,2015-09-12,s,8685
4331,2015-09-13,s,7294
4332,2015-09-14,s,9908
4333,2015-09-15,s,10455
4334,2015-09-16,s,10990
4335,2015-09-17,s,11079
4336,2015-09-18,s,11066
4337,2015-09-19,s,9330
4338,2015-09-20,s,7962
4339,2015-09-21,s,10696
4340,2015-09-22,s,11235
4341,2015-09-23,s,11412
4342,2015-09-24,s,11570
4343,2015-09-25,s,11074
4344,2015-09-26,s,9129
4345,2015-09-27,s,7747
4346,2015-09-28,s,9886
4347,2015-09-29,s,10437
4348,2015-09-30,s,10456
4349,2015-10-01,s,10650
4350,2015-10-02,s,10757
4351,2015-10-03,s,8925
4352,2015-10-04,s,7644
4353,2015-10-05,s,10203
4354,2015-10-06,s,10852
4355,2015-10-07,s,11192
4356,2015-10-08,s,11307
4357,2015-10-09,s,10785
4358,2015-10-10,s,9114
4359,2015-10-11,s,7747
4360,2015-10-12,s,7757
4361,2015-10-13,s,10183
4362,2015-10-14,s,10879
4363,2015-10-15,s,10906
4364,2015-10-16,s,11117
4365,2015-10-17,s,9394
4366,2015-10-18,s,7808
4367,2015-10-19,s,10394
4368,2015-10-20,s,11222
4369,2015-10-21,s,11353
4370,2015-10-22,s,11105
4371,2015-10-23,s,10913
4372,2015-10-24,s,9311
4373,2015-10-25,s,7643
4374,2015-10-26,s,10348
4375,2015-10-27,s,10816
4376,2015-10-28,s,10929
4377,2015-10-29,s,11234
4378,2015-10-30,s,11158
4379,2015-10-31,s,9454
4380,2015-11-01,s,7849
4381,2015-11-02,s,7871
4382,2015-11-03,s,10406
4383,2015-11-04,s,10906
4384,2015-11-05,s,10857
4385,2015-11-06,s,10724
4386,2015-11-07,s,9170
4387,2015-11-08,s,7783
4388,2015-11-09,s,10743
4389,2015-11-10,s,11235
4390,2015-11-11,s,11315
4391,2015-11-12,s,11455
4392,2015-11-13,s,11373
4393,2015-11-14,s,9620
4394,2015-11-15,s,8010
4395,2015-11-16,s,10592
4396,2015-11-17,s,10898
4397,2015-11-18,s,11208
4398,2015-11-19,s,11311
4399,2015-11-20,s,10618
4400,2015-11-21,s,9033
4401,2015-11-22,s,7718
4402,2015-11-23,s,10340
4403,2015-11-24,s,10612
4404,2015-11-25,s,10948
4405,2015-11-26,s,11174
4406,2015-11-27,s,11259
4407,2015-11-28,s,9679
4408,2015-11-29,s,7845
4409,2015-11-30,s,10399
4410,2015-12-01,s,10855
4411,2015-12-02,s,11081
4412,2015-12-03,s,11047
4413,2015-12-04,s,11074
4414,2015-12-05,s,9843
4415,2015-12-06,s,7578
4416,2015-12-07,s,10388
4417,2015-12-08,s,11110
4418,2015-12-09,s,11750
4419,2015-12-10,s,11373
4420,2015-12-11,s,11567
4421,2015-12-12,s,10266
4422,2015-12-13,s,8715
4423,2015-12-14,s,11385
4424,2015-12-15,s,11612
4425,2015-12-16,s,11525
4426,2015-12-17,s,11742
4427,2015-12-18,s,11548
4428,2015-12-19,s,9603
4429,2015-12-20,s,8168
4430,2015-12-21,s,10046
4431,2015-12-22,s,10545
4432,2015-12-23,s,10620
4433,2015-12-24,s,9166
4434,2015-12-25,s,7554
4435,2015-12-26,s,8448
4436,2015-12-27,s,8408
4437,2015-12-28,s,9919
4438,2015-12-29,s,10159
4439,2015-12-30,s,10220
4440,2015-12-31,s,9260
4441,2016-01-01,s,7647
4442,2016-01-02,s,8178
4443,2016-01-03,s,8149
4444,2016-01-04,s,10324
4445,2016-01-05,s,11048
4446,2016-01-06,s,11548
4447,2016-01-07,s,11851
4448,2016-01-08,s,11735
4449,2016-01-09,s,10291
4450,2016-01-10,s,9046
4451,2016-01-11,s,11847
4452,2016-01-12,s,12607
4453,2016-01-13,s,12917
4454,2016-01-14,s,12509
4455,2016-01-15,s,12426
4456,2016-01-16,s,10936
4457,2016-01-17,s,9463
4458,2016-01-18,s,12483
4459,2016-01-19,s,12811
4460,2016-01-20,s,12846
4461,2016-01-21,s,12792
4462,2016-01-22,s,12466
4463,2016-01-23,s,10958
4464,2016-01-24,s,9819
4465,2016-01-25,s,12847
4466,2016-01-26,s,12524
4467,2016-01-27,s,12001
4468,2016-01-28,s,12192
4469,2016-01-29,s,12890
4470,2016-01-30,s,10759
4471,2016-01-31,s,8817
4472,2016-02-01,s,11383
4473,2016-02-02,s,11398
4474,2016-02-03,s,11819
4475,2016-02-04,s,11916
4476,2016-02-05,s,12140
4477,2016-02-06,s,10460
4478,2016-02-07,s,9125
4479,2016-02-08,s,11308
4480,2016-02-09,s,11499
4481,2016-02-10,s,12684
4482,2016-02-11,s,12835
4483,2016-02-12,s,12816
4484,2016-02-13,s,11343
4485,2016-02-14,s,9812
4486,2016-02-15,s,12564
4487,2016-02-16,s,12441
4488,2016-02-17,s,12871
4489,2016-02-18,s,13148
4490,2016-02-19,s,13077
4491,2016-02-20,s,11093
4492,2016-02-21,s,9332
4493,2016-02-22,s,12238
4494,2016-02-23,s,12674
4495,2016-02-24,s,12941
4496,2016-02-25,s,13291
4497,2016-02-26,s,13336
4498,2016-02-27,s,10930
4499,2016-02-28,s,9005
4500,2016-02-29,s,11563
4501,2016-03-01,s,11823
4502,2016-03-02,s,11670
4503,2016-03-03,s,11159
4504,2016-03-04,s,11274
4505,2016-03-05,s,9806
4506,2016-03-06,s,8608
4507,2016-03-07,s,11611
4508,2016-03-08,s,12290
4509,2016-03-09,s,12144
4510,2016-03-10,s,11583
4511,2016-03-11,s,11269
4512,2016-03-12,s,9460
4513,2016-03-13,s,8149
4514,2016-03-14,s,11120
4515,2016-03-15,s,11822
4516,2016-03-16,s,12345
4517,2016-03-17,s,12739
4518,2016-03-18,s,13017
4519,2016-03-19,s,10889
4520,2016-03-20,s,9083
4521,2016-03-21,s,11672
4522,2016-03-22,s,11695
4523,2016-03-23,s,11526
4524,2016-03-24,s,11350
4525,2016-03-25,s,8393
4526,2016-03-26,s,8539
4527,2016-03-27,s,7675
4528,2016-03-28,s,10688
4529,2016-03-29,s,11438
4530,2016-03-30,s,11772
4531,2016-03-31,s,11913
4532,2016-04-01,s,11902
4533,2016-04-02,s,10490
4534,2016-04-03,s,9172
4535,2016-04-04,s,11961
4536,2016-04-05,s,12638
4537,2016-04-06,s,12960
4538,2016-04-07,s,12805
4539,2016-04-08,s,12419
4540,2016-04-09,s,10381
4541,2016-04-10,s,8898
4542,2016-04-11,s,11210
4543,2016-04-12,s,11583
4544,2016-04-13,s,11729
4545,2016-04-14,s,11849
4546,2016-04-15,s,12311
4547,2016-04-16,s,11003
4548,2016-04-17,s,9978
4549,2016-04-18,s,12855
4550,2016-04-19,s,13084
4551,2016-04-20,s,12836
4552,2016-04-21,s,10640
4553,2016-04-22,s,10675
4554,2016-04-23,s,9703
4555,2016-04-24,s,8927
4556,2016-04-25,s,11208
4557,2016-04-26,s,10832
4558,2016-04-27,s,10334
4559,2016-04-28,s,10790
4560,2016-04-29,s,10887
4561,2016-04-30,s,9249
4562,2016-05-01,s,7538
4563,2016-05-02,s,10273
4564,2016-05-03,s,10703
4565,2016-05-04,s,10796
4566,2016-05-05,s,10911
4567,2016-05-06,s,10791
4568,2016-05-07,s,9182
4569,2016-05-08,s,7694
4570,2016-05-09,s,10265
4571,2016-05-10,s,10641
4572,2016-05-11,s,10797
4573,2016-05-12,s,10826
4574,2016-05-13,s,10659
4575,2016-05-14,s,9025
4576,2016-05-15,s,7876
4577,2016-05-16,s,10200
4578,2016-05-17,s,10601
4579,2016-05-18,s,10887
4580,2016-05-19,s,11151
4581,2016-05-20,s,11044
4582,2016-05-21,s,9207
4583,2016-05-22,s,8031
4584,2016-05-23,s,10460
4585,2016-05-24,s,10889
4586,2016-05-25,s,10647
4587,2016-05-26,s,8823
4588,2016-05-27,s,9714
4589,2016-05-28,s,8791
4590,2016-05-29,s,8063
4591,2016-05-30,s,10693
4592,2016-05-31,s,10921
4593,2016-06-01,s,10933
4594,2016-06-02,s,10966
4595,2016-06-03,s,10992
4596,2016-06-04,s,9499
4597,2016-06-05,s,8359
4598,2016-06-06,s,11037
4599,2016-06-07,s,11254
4600,2016-06-08,s,11297
4601,2016-06-09,s,11418
4602,2016-06-10,s,11423
4603,2016-06-11,s,9872
4604,2016-06-12,s,8616
4605,2016-06-13,s,10976
4606,2016-06-14,s,11197
4607,2016-06-15,s,11121
4608,2016-06-16,s,11145
4609,2016-06-17,s,11009
4610,2016-06-18,s,9657
4611,2016-06-19,s,8432
4612,2016-06-20,s,11015
4613,2016-06-21,s,11421
4614,2016-06-22,s,11256
4615,2016-06-23,s,11135
4616,2016-06-24,s,11152
4617,2016-06-25,s,9501
4618,2016-06-26,s,8219
4619,2016-06-27,s,10805
4620,2016-06-28,s,11164
4621,2016-06-29,s,11106
4622,2016-06-30,s,11143
4623,2016-07-01,s,11081
4624,2016-07-02,s,9548
4625,2016-07-03,s,8233
4626,2016-07-04,s,10588
4627,2016-07-05,s,10861
4628,2016-07-06,s,10701
4629,2016-07-07,s,10636
4630,2016-07-08,s,10679
4631,2016-07-09,s,9244
4632,2016-07-10,s,8025
4633,2016-07-11,s,10514
4634,2016-07-12,s,10838
4635,2016-07-13,s,10709
4636,2016-07-14,s,10760
4637,2016-07-15,s,10480
4638,2016-07-16,s,9069
4639,2016-07-17,s,7748
4640,2016-07-18,s,10404
4641,2016-07-19,s,10851
4642,2016-07-20,s,10952
4643,2016-07-21,s,11066
4644,2016-07-22,s,10974
4645,2016-07-23,s,9332
4646,2016-07-24,s,7973
4647,2016-07-25,s,10344
4648,2016-07-26,s,10798
4649,2016-07-27,s,10817
4650,2016-07-28,s,10987
4651,2016-07-29,s,10918
4652,2016-07-30,s,9225
4653,2016-07-31,s,7948
4654,2016-08-01,s,10470
4655,2016-08-02,s,10959
4656,2016-08-03,s,10915
4657,2016-08-04,s,10864
4658,2016-08-05,s,10770
4659,2016-08-06,s,9291
4660,2016-08-07,s,7977
4661,2016-08-08,s,10575
4662,2016-08-09,s,10955
4663,2016-08-10,s,10941
4664,2016-08-11,s,10978
4665,2016-08-12,s,10817
4666,2016-08-13,s,9185
4667,2016-08-14,s,7868
4668,2016-08-15,s,10329
4669,2016-08-16,s,10706
4670,2016-08-17,s,10722
4671,2016-08-18,s,10717
4672,2016-08-19,s,10765
4673,2016-08-20,s,9289
4674,2016-08-21,s,7942
4675,2016-08-22,s,10364
4676,2016-08-23,s,10782
4677,2016-08-24,s,10757
4678,2016-08-25,s,10797
4679,2016-08-26,s,10912
4680,2016-08-27,s,9498
4681,2016-08-28,s,8153
4682,2016-08-29,s,10636
4683,2016-08-30,s,10926
4684,2016-08-31,s,10827
4685,2016-09-01,s,10674
4686,2016-09-02,s,10635
4687,2016-09-03,s,9257
4688,2016-09-04,s,7943
4689,2016-09-05,s,10294
4690,2016-09-06,s,10462
4691,2016-09-07,s,8620
4692,2016-09-08,s,10178
4693,2016-09-09,s,10365
4694,2016-09-10,s,9063
4695,2016-09-11,s,8050
4696,2016-09-12,s,10786
4697,2016-09-13,s,10957
4698,2016-09-14,s,10556
4699,2016-09-15,s,10722
4700,2016-09-16,s,10763
4701,2016-09-17,s,9320
4702,2016-09-18,s,8041
4703,2016-09-19,s,10013
4704,2016-09-20,s,9867
4705,2016-09-21,s,10623
4706,2016-09-22,s,10814
4707,2016-09-23,s,10838
4708,2016-09-24,s,9388
4709,2016-09-25,s,8000
4710,2016-09-26,s,10523
4711,2016-09-27,s,10967
4712,2016-09-28,s,11144
4713,2016-09-29,s,11017
4714,2016-09-30,s,11004
4715,2016-10-01,s,9380
4716,2016-10-02,s,7975
4717,2016-10-03,s,10552
4718,2016-10-04,s,10954
4719,2016-10-05,s,10996
4720,2016-10-06,s,10657
4721,2016-10-07,s,10566
4722,2016-10-08,s,9239
4723,2016-10-09,s,8009
4724,2016-10-10,s,10563
4725,2016-10-11,s,10922
4726,2016-10-12,s,8854
4727,2016-10-13,s,10608
4728,2016-10-14,s,10769
4729,2016-10-15,s,9448
4730,2016-10-16,s,8349
4731,2016-10-17,s,11192
4732,2016-10-18,s,11414
4733,2016-10-19,s,11593
4734,2016-10-20,s,11547
4735,2016-10-21,s,11077
4736,2016-10-22,s,9547
4737,2016-10-23,s,8319
4738,2016-10-24,s,11301
4739,2016-10-25,s,11147
4740,2016-10-26,s,11082
4741,2016-10-27,s,10728
4742,2016-10-28,s,10462
4743,2016-10-29,s,9181
4744,2016-10-30,s,7782
4745,2016-10-31,s,10761
4746,2016-11-01,s,11346
4747,2016-11-02,s,8813
4748,2016-11-03,s,10510
4749,2016-11-04,s,10709
4750,2016-11-05,s,9563
4751,2016-11-06,s,8440
4752,2016-11-07,s,11722
4753,2016-11-08,s,12193
4754,2016-11-09,s,11592
4755,2016-11-10,s,11960
4756,2016-11-11,s,11506
4757,2016-11-12,s,9415
4758,2016-11-13,s,8164
4759,2016-11-14,s,10496
4760,2016-11-15,s,9671
4761,2016-11-16,s,11547
4762,2016-11-17,s,11451
4763,2016-11-18,s,10913
4764,2016-11-19,s,9483
4765,2016-11-20,s,8340
4766,2016-11-21,s,11382
4767,2016-11-22,s,11736
4768,2016-11-23,s,11755
4769,2016-11-24,s,11978
4770,2016-11-25,s,11918
4771,2016-11-26,s,10683
4772,2016-11-27,s,9342
4773,2016-11-28,s,11848
4774,2016-11-29,s,11675
4775,2016-11-30,s,11394
4776,2016-12-01,s,11566
4777,2016-12-02,s,12081
4778,2016-12-03,s,10210
4779,2016-12-04,s,8202
4780,2016-12-05,s,11139
4781,2016-12-06,s,12214
4782,2016-12-07,s,12678
4783,2016-12-08,s,12470
4784,2016-12-09,s,11984
4785,2016-12-10,s,10421
4786,2016-12-11,s,9457
4787,2016-12-12,s,12058
4788,2016-12-13,s,12883
4789,2016-12-14,s,12138
4790,2016-12-15,s,11765
4791,2016-12-16,s,11639
4792,2016-12-17,s,10481
4793,2016-12-18,s,9445
4794,2016-12-19,s,11524
4795,2016-12-20,s,11790
4796,2016-12-21,s,11734
4797,2016-12-22,s,12041
4798,2016-12-23,s,11737
4799,2016-12-24,s,10096
4800,2016-12-25,s,8900
4801,2016-12-26,s,11230
4802,2016-12-27,s,11527
4803,2016-12-28,s,11117
4804,2016-12-29,s,10962
4805,2016-12-30,s,10514
4806,2016-12-31,s,9393
4807,2017-01-01,s,8533
4808,2017-01-02,s,10743
4809,2017-01-03,s,11875
4810,2017-01-04,s,11982
4811,2017-01-05,s,11703
4812,2017-01-06,s,11341
4813,2017-01-07,s,10192
4814,2017-01-08,s,9587
4815,2017-01-09,s,12314
4816,2017-01-10,s,12555
4817,2017-01-11,s,12642
4818,2017-01-12,s,12647
4819,2017-01-13,s,12846
4820,2017-01-14,s,11476
4821,2017-01-15,s,10331
4822,2017-01-16,s,13193
4823,2017-01-17,s,13095
4824,2017-01-18,s,13369
4825,2017-01-19,s,13201
4826,2017-01-20,s,12878
4827,2017-01-21,s,11176
4828,2017-01-22,s,9950
4829,2017-01-23,s,12921
4830,2017-01-24,s,13487
4831,2017-01-25,s,13160
4832,2017-01-26,s,12583
4833,2017-01-27,s,12179
4834,2017-01-28,s,10685
4835,2017-01-29,s,9655
4836,2017-01-30,s,12710
4837,2017-01-31,s,12793
4838,2017-02-01,s,12650
4839,2017-02-02,s,12709
4840,2017-02-03,s,13060
4841,2017-02-04,s,11719
4842,2017-02-05,s,10297
4843,2017-02-06,s,12884
4844,2017-02-07,s,12946
4845,2017-02-08,s,13010
4846,2017-02-09,s,13204
4847,2017-02-10,s,13215
4848,2017-02-11,s,11237
4849,2017-02-12,s,9597
4850,2017-02-13,s,12501
4851,2017-02-14,s,12786
4852,2017-02-15,s,13446
4853,2017-02-16,s,13869
4854,2017-02-17,s,13299
4855,2017-02-18,s,11891
4856,2017-02-19,s,10786
4857,2017-02-20,s,14073
4858,2017-02-21,s,14302
4859,2017-02-22,s,14258
4860,2017-02-23,s,13703
4861,2017-02-24,s,13385
4862,2017-02-25,s,11481
4863,2017-02-26,s,10018
4864,2017-02-27,s,11881
4865,2017-02-28,s,12113
4866,2017-03-01,s,13253
4867,2017-03-02,s,13663
4868,2017-03-03,s,13629
4869,2017-03-04,s,11224
4870,2017-03-05,s,9533
4871,2017-03-06,s,12492
4872,2017-03-07,s,13194
4873,2017-03-08,s,13453
4874,2017-03-09,s,13709
4875,2017-03-10,s,12912
4876,2017-03-11,s,10717
4877,2017-03-12,s,9191
4878,2017-03-13,s,11325
4879,2017-03-14,s,11910
4880,2017-03-15,s,12644
4881,2017-03-16,s,12492
4882,2017-03-17,s,11437
4883,2017-03-18,s,9549
4884,2017-03-19,s,8317
4885,2017-03-20,s,11132
4886,2017-03-21,s,11650
4887,2017-03-22,s,11902
4888,2017-03-23,s,11995
4889,2017-03-24,s,12071
4890,2017-03-25,s,10436
4891,2017-03-26,s,8881
4892,2017-03-27,s,11506
4893,2017-03-28,s,11759
4894,2017-03-29,s,11726
4895,2017-03-30,s,11787
4896,2017-03-31,s,11670
4897,2017-04-01,s,9875
4898,2017-04-02,s,8671
4899,2017-04-03,s,11601
4900,2017-04-04,s,12106
4901,2017-04-05,s,11875
4902,2017-04-06,s,11523
4903,2017-04-07,s,11590
4904,2017-04-08,s,10229
4905,2017-04-09,s,8940
4906,2017-04-10,s,11916
4907,2017-04-11,s,11950
4908,2017-04-12,s,11578
4909,2017-04-13,s,11344
4910,2017-04-14,s,8682
4911,2017-04-15,s,9159
4912,2017-04-16,s,8258
4913,2017-04-17,s,10999
4914,2017-04-18,s,11491
4915,2017-04-19,s,11486
4916,2017-04-20,s,11427
4917,2017-04-21,s,9512
4918,2017-04-22,s,9055
4919,2017-04-23,s,8191
4920,2017-04-24,s,10918
4921,2017-04-25,s,11268
4922,2017-04-26,s,10680
4923,2017-04-27,s,10623
4924,2017-04-28,s,10495
4925,2017-04-29,s,9111
4926,2017-04-30,s,7709
4927,2017-05-01,s,7995
4928,2017-05-02,s,10643
4929,2017-05-03,s,11129
4930,2017-05-04,s,11122
4931,2017-05-05,s,11109
4932,2017-05-06,s,9579
4933,2017-05-07,s,8260
4934,2017-05-08,s,10925
4935,2017-05-09,s,11167
4936,2017-05-10,s,11110
4937,2017-05-11,s,11187
4938,2017-05-12,s,11146
4939,2017-05-13,s,9515
4940,2017-05-14,s,7816
4941,2017-05-15,s,10465
4942,2017-05-16,s,10993
4943,2017-05-17,s,11049
4944,2017-05-18,s,10937
4945,2017-05-19,s,10578
4946,2017-05-20,s,9137
4947,2017-05-21,s,7751
4948,2017-05-22,s,10310
4949,2017-05-23,s,10849
4950,2017-05-24,s,10864
4951,2017-05-25,s,11006
4952,2017-05-26,s,11041
4953,2017-05-27,s,9518
4954,2017-05-28,s,8096
4955,2017-05-29,s,10570
4956,2017-05-30,s,11098
4957,2017-05-31,s,11103
4958,2017-06-01,s,10851
4959,2017-06-02,s,10787
4960,2017-06-03,s,9164
4961,2017-06-04,s,7948
4962,2017-06-05,s,10790
4963,2017-06-06,s,11060
4964,2017-06-07,s,11088
4965,2017-06-08,s,11047
4966,2017-06-09,s,11133
4967,2017-06-10,s,9576
4968,2017-06-11,s,8145
4969,2017-06-12,s,10633
4970,2017-06-13,s,11070
4971,2017-06-14,s,11085
4972,2017-06-15,s,9322
4973,2017-06-16,s,10086
4974,2017-06-17,s,9083
4975,2017-06-18,s,8071
4976,2017-06-19,s,10855
4977,2017-06-20,s,11387
4978,2017-06-21,s,11274
4979,2017-06-22,s,11233
4980,2017-06-23,s,11142
4981,2017-06-24,s,9620
4982,2017-06-25,s,8093
4983,2017-06-26,s,10722
4984,2017-06-27,s,11100
4985,2017-06-28,s,11265
4986,2017-06-29,s,11324
4987,2017-06-30,s,11192
4988,2017-07-01,s,9557
4989,2017-07-02,s,8212
4990,2017-07-03,s,10868
4991,2017-07-04,s,11168
4992,2017-07-05,s,11169
4993,2017-07-06,s,11205
4994,2017-07-07,s,11216
4995,2017-07-08,s,9553
4996,2017-07-09,s,8223
4997,2017-07-10,s,10885
4998,2017-07-11,s,11309
4999,2017-07-12,s,11376
5000,2017-07-13,s,11336
5001,2017-07-14,s,11334
5002,2017-07-15,s,9679
5003,2017-07-16,s,8316
5004,2017-07-17,s,11124
5005,2017-07-18,s,11514
5006,2017-07-19,s,11498
5007,2017-07-20,s,11488
5008,2017-07-21,s,11300
5009,2017-07-22,s,9638
5010,2017-07-23,s,8208
5011,2017-07-24,s,10768
5012,2017-07-25,s,11164
5013,2017-07-26,s,11309
5014,2017-07-27,s,11286
5015,2017-07-28,s,11180
5016,2017-07-29,s,9677
5017,2017-07-30,s,8389
5018,2017-07-31,s,11049
5019,2017-08-01,s,11321
5020,2017-08-02,s,11364
5021,2017-08-03,s,11050
5022,2017-08-04,s,10928
5023,2017-08-05,s,9545
5024,2017-08-06,s,8214
5025,2017-08-07,s,10767
5026,2017-08-08,s,11302
5027,2017-08-09,s,11443
5028,2017-08-10,s,11686
5029,2017-08-11,s,11335
5030,2017-08-12,s,9731
5031,2017-08-13,s,8182
5032,2017-08-14,s,10513
5033,2017-08-15,s,10967
5034,2017-08-16,s,11087
5035,2017-08-17,s,11104
5036,2017-08-18,s,11066
5037,2017-08-19,s,9602
5038,2017-08-20,s,7927
5039,2017-08-21,s,10477
5040,2017-08-22,s,11066
5041,2017-08-23,s,11186
5042,2017-08-24,s,11420
5043,2017-08-25,s,11383
5044,2017-08-26,s,9790
5045,2017-08-27,s,8432
5046,2017-08-28,s,11127
5047,2017-08-29,s,11736
5048,2017-08-30,s,11675
5049,2017-08-31,s,11508
5050,2017-09-01,s,11254
5051,2017-09-02,s,9794
5052,2017-09-03,s,8550
5053,2017-09-04,s,11558
5054,2017-09-05,s,11561
5055,2017-09-06,s,11389
5056,2017-09-07,s,9576
5057,2017-09-08,s,10602
5058,2017-09-09,s,9535
5059,2017-09-10,s,8754
5060,2017-09-11,s,11481
5061,2017-09-12,s,11810
5062,2017-09-13,s,11893
5063,2017-09-14,s,11979
5064,2017-09-15,s,11778
5065,2017-09-16,s,9895
5066,2017-09-17,s,8393
5067,2017-09-18,s,11093
5068,2017-09-19,s,11579
5069,2017-09-20,s,11285
5070,2017-09-21,s,12060
5071,2017-09-22,s,12151
5072,2017-09-23,s,10103
5073,2017-09-24,s,8529
5074,2017-09-25,s,11216
5075,2017-09-26,s,11756
5076,2017-09-27,s,11848
5077,2017-09-28,s,11613
5078,2017-09-29,s,11241
5079,2017-09-30,s,9524
5080,2017-10-01,s,8055
5081,2017-10-02,s,10373
5082,2017-10-03,s,10752
5083,2017-10-04,s,11067
5084,2017-10-05,s,11466
5085,2017-10-06,s,11713
5086,2017-10-07,s,9541
5087,2017-10-08,s,8151
5088,2017-10-09,s,10813
5089,2017-10-10,s,11409
5090,2017-10-11,s,11596
5091,2017-10-12,s,9513
5092,2017-10-13,s,10794
5093,2017-10-14,s,9286
5094,2017-10-15,s,8039
5095,2017-10-16,s,10855
5096,2017-10-17,s,11620
5097,2017-10-18,s,12183
5098,2017-10-19,s,11614
5099,2017-10-20,s,11443
5100,2017-10-21,s,9824
5101,2017-10-22,s,8119
5102,2017-10-23,s,10623
5103,2017-10-24,s,11207
5104,2017-10-25,s,11232
5105,2017-10-26,s,11232
5106,2017-10-27,s,11411
5107,2017-10-28,s,9826
5108,2017-10-29,s,8441
5109,2017-10-30,s,11024
5110,2017-10-31,s,11339
5111,2017-11-01,s,11206
5112,2017-11-02,s,9139
5113,2017-11-03,s,10354
5114,2017-11-04,s,9257
5115,2017-11-05,s,8004
5116,2017-11-06,s,10726
5117,2017-11-07,s,11395
5118,2017-11-08,s,11428
5119,2017-11-09,s,11677
5120,2017-11-10,s,11654
5121,2017-11-11,s,9740
5122,2017-11-12,s,8322
5123,2017-11-13,s,11232
5124,2017-11-14,s,11815
5125,2017-11-15,s,10554
5126,2017-11-16,s,12443
5127,2017-11-17,s,11700
5128,2017-11-18,s,9853
5129,2017-11-19,s,8317
5130,2017-11-20,s,11312
5131,2017-11-21,s,11835
5132,2017-11-22,s,11508
5133,2017-11-23,s,11648
5134,2017-11-24,s,12124
5135,2017-11-25,s,10314
5136,2017-11-26,s,8713
5137,2017-11-27,s,11577
5138,2017-11-28,s,12152
5139,2017-11-29,s,12263
5140,2017-11-30,s,12083
5141,2017-12-01,s,11968
5142,2017-12-02,s,10593
5143,2017-12-03,s,9377
5144,2017-12-04,s,12240
5145,2017-12-05,s,12490
5146,2017-12-06,s,12713
5147,2017-12-07,s,12729
5148,2017-12-08,s,12682
5149,2017-12-09,s,11115
5150,2017-12-10,s,9956
5151,2017-12-11,s,12586
5152,2017-12-12,s,12465
5153,2017-12-13,s,13005
5154,2017-12-14,s,13635
5155,2017-12-15,s,13658
5156,2017-12-16,s,12169
5157,2017-12-17,s,10537
5158,2017-12-18,s,12168
5159,2017-12-19,s,12405
5160,2017-12-20,s,12182
5161,2017-12-21,s,11927
5162,2017-12-22,s,12111
5163,2017-12-23,s,10634
5164,2017-12-24,s,8825
5165,2017-12-25,s,7682
5166,2017-12-26,s,9830
5167,2017-12-27,s,10922
5168,2017-12-28,s,11147
5169,2017-12-29,s,10578
5170,2017-12-30,s,9428
5171,2017-12-31,s,8902
5172,2018-01-01,s,8351
5173,2018-01-02,s,10178
5174,2018-01-03,s,11139
5175,2018-01-04,s,11696
5176,2018-01-05,s,12370
5177,2018-01-06,s,11012
5178,2018-01-07,s,9313
5179,2018-01-08,s,11720
5180,2018-01-09,s,12113
5181,2018-01-10,s,12334
5182,2018-01-11,s,12497
5183,2018-01-12,s,12617
5184,2018-01-13,s,11065
5185,2018-01-14,s,9762
5186,2018-01-15,s,12587
5187,2018-01-16,s,12865
5188,2018-01-17,s,12887
5189,2018-01-18,s,13273
5190,2018-01-19,s,12957
5191,2018-01-20,s,11008
5192,2018-01-21,s,9360
5193,2018-01-22,s,12100
5194,2018-01-23,s,12686
5195,2018-01-24,s,12930
5196,2018-01-25,s,12568
5197,2018-01-26,s,12497
5198,2018-01-27,s,10838
5199,2018-01-28,s,9589
5200,2018-01-29,s,12530
5201,2018-01-30,s,12752
5202,2018-01-31,s,12938
5203,2018-02-01,s,12995
5204,2018-02-02,s,12896
5205,2018-02-03,s,11302
5206,2018-02-04,s,9777
5207,2018-02-05,s,12663
5208,2018-02-06,s,13226
5209,2018-02-07,s,13619
5210,2018-02-08,s,13885
5211,2018-02-09,s,13842
5212,2018-02-10,s,11425
5213,2018-02-11,s,9752
5214,2018-02-12,s,10882
5215,2018-02-13,s,10804
5216,2018-02-14,s,12039
5217,2018-02-15,s,12385
5218,2018-02-16,s,12575
5219,2018-02-17,s,11020
5220,2018-02-18,s,9771
5221,2018-02-19,s,12466
5222,2018-02-20,s,12671
5223,2018-02-21,s,12765
5224,2018-02-22,s,12634
5225,2018-02-23,s,12651
5226,2018-02-24,s,11176
5227,2018-02-25,s,9923
5228,2018-02-26,s,13030
5229,2018-02-27,s,13220
5230,2018-02-28,s,13124
5231,2018-03-01,s,13535
5232,2018-03-02,s,13618
5233,2018-03-03,s,11635
5234,2018-03-04,s,10107
5235,2018-03-05,s,13303
5236,2018-03-06,s,13495
5237,2018-03-07,s,12943
5238,2018-03-08,s,12774
5239,2018-03-09,s,12784
5240,2018-03-10,s,11462
5241,2018-03-11,s,10565
5242,2018-03-12,s,12888
5243,2018-03-13,s,13007
5244,2018-03-14,s,13131
5245,2018-03-15,s,12593
5246,2018-03-16,s,12329
5247,2018-03-17,s,11160
5248,2018-03-18,s,10376
5249,2018-03-19,s,12860
5250,2018-03-20,s,12307
5251,2018-03-21,s,11915
5252,2018-03-22,s,11938
5253,2018-03-23,s,12503
5254,2018-03-24,s,11116
5255,2018-03-25,s,8913
5256,2018-03-26,s,11039
5257,2018-03-27,s,11640
5258,2018-03-28,s,12047
5259,2018-03-29,s,12097
5260,2018-03-30,s,9225
5261,2018-03-31,s,9321
5262,2018-04-01,s,8450
5263,2018-04-02,s,11486
5264,2018-04-03,s,12031
5265,2018-04-04,s,12092
5266,2018-04-05,s,12115
5267,2018-04-06,s,12162
5268,2018-04-07,s,10776
5269,2018-04-08,s,9591
5270,2018-04-09,s,12525
5271,2018-04-10,s,12932
5272,2018-04-11,s,13145
5273,2018-04-12,s,13197
5274,2018-04-13,s,12538
5275,2018-04-14,s,10385
5276,2018-04-15,s,8652
5277,2018-04-16,s,11289
5278,2018-04-17,s,11724
5279,2018-04-18,s,12017
5280,2018-04-19,s,12345
5281,2018-04-20,s,12390
5282,2018-04-21,s,9891
5283,2018-04-22,s,9124
5284,2018-04-23,s,12094
5285,2018-04-24,s,12609
5286,2018-04-25,s,12854
5287,2018-04-26,s,12821
5288,2018-04-27,s,12727
5289,2018-04-28,s,11150
5290,2018-04-29,s,9665
5291,2018-04-30,s,11537
5292,2018-05-01,s,9788
5293,2018-05-02,s,11868
5294,2018-05-03,s,12369
5295,2018-05-04,s,12394
5296,2018-05-05,s,10616
5297,2018-05-06,s,9066
5298,2018-05-07,s,11594
5299,2018-05-08,s,11854
5300,2018-05-09,s,11926
5301,2018-05-10,s,12052
5302,2018-05-11,s,11802
5303,2018-05-12,s,9920
5304,2018-05-13,s,8372
5305,2018-05-14,s,11188
5306,2018-05-15,s,11700
5307,2018-05-16,s,11457
5308,2018-05-17,s,11476
5309,2018-05-18,s,11476
5310,2018-05-19,s,9396
5311,2018-05-20,s,8073
5312,2018-05-21,s,10672
5313,2018-05-22,s,11031
5314,2018-05-23,s,10897
5315,2018-05-24,s,10499
5316,2018-05-25,s,10100
5317,2018-05-26,s,8584
5318,2018-05-27,s,7669
5319,2018-05-28,s,9231
5320,2018-05-29,s,9108
5321,2018-05-30,s,9001
5322,2018-05-31,s,8162
5323,2018-06-01,s,9230
5324,2018-06-02,s,8840
5325,2018-06-03,s,8124
5326,2018-06-04,s,10564
5327,2018-06-05,s,11070
5328,2018-06-06,s,11189
5329,2018-06-07,s,11357
5330,2018-06-08,s,11290
5331,2018-06-09,s,9850
5332,2018-06-10,s,8476
5333,2018-06-11,s,11048
5334,2018-06-12,s,11294
5335,2018-06-13,s,11162
5336,2018-06-14,s,11504
5337,2018-06-15,s,11721
5338,2018-06-16,s,10396
5339,2018-06-17,s,8851
5340,2018-06-18,s,11371
5341,2018-06-19,s,11614
5342,2018-06-20,s,11478
5343,2018-06-21,s,11316
5344,2018-06-22,s,11163
5345,2018-06-23,s,9973
5346,2018-06-24,s,8656
5347,2018-06-25,s,11276
5348,2018-06-26,s,11491
5349,2018-06-27,s,11244
5350,2018-06-28,s,11506
5351,2018-06-29,s,11366
5352,2018-06-30,s,9827
5353,2018-07-01,s,8393
5354,2018-07-02,s,10780
5355,2018-07-03,s,11489
5356,2018-07-04,s,11708
5357,2018-07-05,s,11608
5358,2018-07-06,s,11137
5359,2018-07-07,s,9804
5360,2018-07-08,s,8480
5361,2018-07-09,s,11125
5362,2018-07-10,s,11539
5363,2018-07-11,s,11590
5364,2018-07-12,s,11602
5365,2018-07-13,s,11474
5366,2018-07-14,s,9901
5367,2018-07-15,s,8488
5368,2018-07-16,s,11188
5369,2018-07-17,s,11594
5370,2018-07-18,s,11496
5371,2018-07-19,s,11500
5372,2018-07-20,s,11494
5373,2018-07-21,s,9787
5374,2018-07-22,s,8413
5375,2018-07-23,s,11195
5376,2018-07-24,s,11791
5377,2018-07-25,s,11616
5378,2018-07-26,s,11485
5379,2018-07-27,s,11429
5380,2018-07-28,s,9894
5381,2018-07-29,s,8481
5382,2018-07-30,s,11071
5383,2018-07-31,s,11452
5384,2018-08-01,s,11578
5385,2018-08-02,s,11510
5386,2018-08-03,s,11324
5387,2018-08-04,s,9587
5388,2018-08-05,s,8309
5389,2018-08-06,s,10927
5390,2018-08-07,s,11284
5391,2018-08-08,s,11325
5392,2018-08-09,s,11509
5393,2018-08-10,s,11457
5394,2018-08-11,s,9826
5395,2018-08-12,s,8267
5396,2018-08-13,s,10975
5397,2018-08-14,s,11381
5398,2018-08-15,s,11490
5399,2018-08-16,s,11504
5400,2018-08-17,s,11326
5401,2018-08-18,s,9783
5402,2018-08-19,s,8503
5403,2018-08-20,s,11328
5404,2018-08-21,s,11614
5405,2018-08-22,s,11489
5406,2018-08-23,s,11173
5407,2018-08-24,s,11139
5408,2018-08-25,s,9487
5409,2018-08-26,s,8245
5410,2018-08-27,s,10922
5411,2018-08-28,s,11281
5412,2018-08-29,s,11402
5413,2018-08-30,s,11469
5414,2018-08-31,s,11570
5415,2018-09-01,s,9780
5416,2018-09-02,s,8379
5417,2018-09-03,s,10801
5418,2018-09-04,s,11002
5419,2018-09-05,s,10894
5420,2018-09-06,s,10797
5421,2018-09-07,s,8949
5422,2018-09-08,s,8687
5423,2018-09-09,s,8017
5424,2018-09-10,s,10827
5425,2018-09-11,s,11188
5426,2018-09-12,s,11351
5427,2018-09-13,s,11386
5428,2018-09-14,s,11371
5429,2018-09-15,s,9871
5430,2018-09-16,s,8335
5431,2018-09-17,s,11032
5432,2018-09-18,s,11383
5433,2018-09-19,s,11521
5434,2018-09-20,s,10721
5435,2018-09-21,s,11244
5436,2018-09-22,s,10208
5437,2018-09-23,s,8813
5438,2018-09-24,s,11419
5439,2018-09-25,s,11757
5440,2018-09-26,s,11739
5441,2018-09-27,s,11581
5442,2018-09-28,s,11622
5443,2018-09-29,s,10337
5444,2018-09-30,s,8682
5445,2018-10-01,s,11562
5446,2018-10-02,s,11732
5447,2018-10-03,s,11589
5448,2018-10-04,s,11369
5449,2018-10-05,s,11390
5450,2018-10-06,s,9611
5451,2018-10-07,s,8246
5452,2018-10-08,s,11131
5453,2018-10-09,s,11784
5454,2018-10-10,s,11627
5455,2018-10-11,s,11294
5456,2018-10-12,s,9223
5457,2018-10-13,s,9130
5458,2018-10-14,s,8257
5459,2018-10-15,s,10996
5460,2018-10-16,s,11614
5461,2018-10-17,s,11864
5462,2018-10-18,s,11632
5463,2018-10-19,s,11538
5464,2018-10-20,s,9794
5465,2018-10-21,s,8239
5466,2018-10-22,s,11297
5467,2018-10-23,s,11674
5468,2018-10-24,s,11562
5469,2018-10-25,s,11582
5470,2018-10-26,s,11575
5471,2018-10-27,s,9738
5472,2018-10-28,s,8068
5473,2018-10-29,s,10947
5474,2018-10-30,s,11908
5475,2018-10-31,s,11461
5476,2018-11-01,s,11040
5477,2018-11-02,s,9055
5478,2018-11-03,s,9191
5479,2018-11-04,s,8315
5480,2018-11-05,s,11258
5481,2018-11-06,s,11881
5482,2018-11-07,s,11903
5483,2018-11-08,s,11723
5484,2018-11-09,s,11932
5485,2018-11-10,s,10826
5486,2018-11-11,s,9650
5487,2018-11-12,s,12952
5488,2018-11-13,s,13446
5489,2018-11-14,s,12842
5490,2018-11-15,s,10812
5491,2018-11-16,s,11703
5492,2018-11-17,s,10339
5493,2018-11-18,s,8780
5494,2018-11-19,s,11181
5495,2018-11-20,s,11759
5496,2018-11-21,s,12092
5497,2018-11-22,s,12610
5498,2018-11-23,s,12784
5499,2018-11-24,s,10667
5500,2018-11-25,s,9018
5501,2018-11-26,s,11702
5502,2018-11-27,s,12164
5503,2018-11-28,s,12296
5504,2018-11-29,s,12630
5505,2018-11-30,s,12658
5506,2018-12-01,s,10759
5507,2018-12-02,s,8907
5508,2018-12-03,s,11439
5509,2018-12-04,s,12004
5510,2018-12-05,s,12416
5511,2018-12-06,s,12537
5512,2018-12-07,s,12047
5513,2018-12-08,s,10266
5514,2018-12-09,s,9131
5515,2018-12-10,s,12792
5516,2018-12-11,s,14060
5517,2018-12-12,s,14096
5518,2018-12-13,s,14104
5519,2018-12-14,s,14087
5520,2018-12-15,s,11774
5521,2018-12-16,s,10359
5522,2018-12-17,s,13758
5523,2018-12-18,s,13166
5524,2018-12-19,s,12816
5525,2018-12-20,s,12634
5526,2018-12-21,s,11714
5527,2018-12-22,s,10419
5528,2018-12-23,s,9466
5529,2018-12-24,s,9466
5530,2018-12-25,s,8294
5531,2018-12-26,s,10424
5532,2018-12-27,s,11186
5533,2018-12-28,s,11683
5534,2018-12-29,s,11014
5535,2018-12-30,s,10314
5536,2018-12-31,s,10385
5537,2019-01-01,s,9801
5538,2019-01-02,s,12631
5539,2019-01-03,s,13223
5540,2019-01-04,s,12115
5541,2019-01-05,s,10562
5542,2019-01-06,s,9896
5543,2019-01-07,s,12622
5544,2019-01-08,s,13099
5545,2019-01-09,s,13315
5546,2019-01-10,s,13429
5547,2019-01-11,s,12967
5548,2019-01-12,s,11188
5549,2019-01-13,s,10035
5550,2019-01-14,s,13427
5551,2019-01-15,s,14021
5552,2019-01-16,s,14134
5553,2019-01-17,s,14171
5554,2019-01-18,s,13419
5555,2019-01-19,s,11092
5556,2019-01-20,s,9466
5557,2019-01-21,s,13034
5558,2019-01-22,s,14055
5559,2019-01-23,s,14678
5560,2019-01-24,s,14184
5561,2019-01-25,s,13815
5562,2019-01-26,s,12076
5563,2019-01-27,s,10776
5564,2019-01-28,s,14333
5565,2019-01-29,s,15268
5566,2019-01-30,s,15645
5567,2019-01-31,s,15376
5568,2019-02-01,s,14933
5569,2019-02-02,s,12262
5570,2019-02-03,s,9910
5571,2019-02-04,s,12184
5572,2019-02-05,s,12445
5573,2019-02-06,s,12719
5574,2019-02-07,s,13226
5575,2019-02-08,s,13815
5576,2019-02-09,s,12563
5577,2019-02-10,s,11143
5578,2019-02-11,s,13823
5579,2019-02-12,s,12996
5580,2019-02-13,s,12450
5581,2019-02-14,s,12768
5582,2019-02-15,s,12407
5583,2019-02-16,s,10405
5584,2019-02-17,s,9097
5585,2019-02-18,s,12285
5586,2019-02-19,s,12985
5587,2019-02-20,s,13393
5588,2019-02-21,s,13475
5589,2019-02-22,s,13739
5590,2019-02-23,s,12592
5591,2019-02-24,s,10951
5592,2019-02-25,s,12647
5593,2019-02-26,s,11943
5594,2019-02-27,s,11785
5595,2019-02-28,s,12052
5596,2019-03-01,s,12369
5597,2019-03-02,s,11036
5598,2019-03-03,s,9830
5599,2019-03-04,s,12000
5600,2019-03-05,s,12487
5601,2019-03-06,s,13460
5602,2019-03-07,s,13373
5603,2019-03-08,s,13193
5604,2019-03-09,s,10699
5605,2019-03-10,s,8993
5606,2019-03-11,s,11706
5607,2019-03-12,s,12170
5608,2019-03-13,s,12468
5609,2019-03-14,s,12546
5610,2019-03-15,s,12513
5611,2019-03-16,s,10811
5612,2019-03-17,s,9072
5613,2019-03-18,s,11994
5614,2019-03-19,s,12412
5615,2019-03-20,s,12103
5616,2019-03-21,s,11625
5617,2019-03-22,s,11541
5618,2019-03-23,s,10105
5619,2019-03-24,s,9017
5620,2019-03-25,s,11998
5621,2019-03-26,s,12056
5622,2019-03-27,s,12009
5623,2019-03-28,s,12094
5624,2019-03-29,s,12218
5625,2019-03-30,s,10602
5626,2019-03-31,s,9320
5627,2019-04-01,s,12375
5628,2019-04-02,s,12897
5629,2019-04-03,s,13187
5630,2019-04-04,s,13456
5631,2019-04-05,s,12662
5632,2019-04-06,s,10184
5633,2019-04-07,s,8635
5634,2019-04-08,s,11372
5635,2019-04-09,s,11693
5636,2019-04-10,s,11879
5637,2019-04-11,s,12217
5638,2019-04-12,s,12303
5639,2019-04-13,s,10645
5640,2019-04-14,s,9511
5641,2019-04-15,s,12582
5642,2019-04-16,s,12339
5643,2019-04-17,s,11985
5644,2019-04-18,s,11778
5645,2019-04-19,s,9073
5646,2019-04-20,s,9288
5647,2019-04-21,s,8351
5648,2019-04-22,s,11245
5649,2019-04-23,s,11760
5650,2019-04-24,s,12103
5651,2019-04-25,s,12320
5652,2019-04-26,s,12429
5653,2019-04-27,s,10548
5654,2019-04-28,s,8515
5655,2019-04-29,s,10968
5656,2019-04-30,s,11295
5657,2019-05-01,s,9227
5658,2019-05-02,s,11350
5659,2019-05-03,s,11864
5660,2019-05-04,s,10377
5661,2019-05-05,s,9216
5662,2019-05-06,s,11962
5663,2019-05-07,s,11682
5664,2019-05-08,s,11655
5665,2019-05-09,s,11700
5666,2019-05-10,s,11713
5667,2019-05-11,s,9842
5668,2019-05-12,s,8141
5669,2019-05-13,s,10823
5670,2019-05-14,s,11035
5671,2019-05-15,s,11030
5672,2019-05-16,s,11149
5673,2019-05-17,s,11165
5674,2019-05-18,s,9595
5675,2019-05-19,s,8329
5676,2019-05-20,s,11126
5677,2019-05-21,s,11496
5678,2019-05-22,s,11569
5679,2019-05-23,s,11430
5680,2019-05-24,s,11156
5681,2019-05-25,s,9344
5682,2019-05-26,s,8001
5683,2019-05-27,s,10788
5684,2019-05-28,s,11190
5685,2019-05-29,s,11275
5686,2019-05-30,s,11364
5687,2019-05-31,s,11265
5688,2019-06-01,s,9544
5689,2019-06-02,s,8211
5690,2019-06-03,s,10715
5691,2019-06-04,s,10937
5692,2019-06-05,s,11016
5693,2019-06-06,s,11081
5694,2019-06-07,s,11079
5695,2019-06-08,s,9579
5696,2019-06-09,s,8370
5697,2019-06-10,s,10908
5698,2019-06-11,s,11371
5699,2019-06-12,s,11537
5700,2019-06-13,s,11625
5701,2019-06-14,s,11744
5702,2019-06-15,s,10204
5703,2019-06-16,s,8802
5704,2019-06-17,s,11476
5705,2019-06-18,s,11775
5706,2019-06-19,s,11596
5707,2019-06-20,s,9644
5708,2019-06-21,s,10326
5709,2019-06-22,s,9385
5710,2019-06-23,s,8391
5711,2019-06-24,s,11250
5712,2019-06-25,s,11605
5713,2019-06-26,s,11522
5714,2019-06-27,s,11392
5715,2019-06-28,s,11417
5716,2019-06-29,s,9960
5717,2019-06-30,s,8612
5718,2019-07-01,s,11134
5719,2019-07-02,s,11390
5720,2019-07-03,s,11352
5721,2019-07-04,s,11451
5722,2019-07-05,s,11419
5723,2019-07-06,s,9603
5724,2019-07-07,s,8424
5725,2019-07-08,s,11041
5726,2019-07-09,s,11309
5727,2019-07-10,s,11220
5728,2019-07-11,s,11146
5729,2019-07-12,s,10998
5730,2019-07-13,s,9445
5731,2019-07-14,s,8399
5732,2019-07-15,s,11130
5733,2019-07-16,s,11432
5734,2019-07-17,s,11479
5735,2019-07-18,s,11362
5736,2019-07-19,s,11251
5737,2019-07-20,s,9465
5738,2019-07-21,s,8284
5739,2019-07-22,s,11037
5740,2019-07-23,s,11475
5741,2019-07-24,s,11628
5742,2019-07-25,s,11498
5743,2019-07-26,s,11397
5744,2019-07-27,s,9770
5745,2019-07-28,s,8402
5746,2019-07-29,s,10983
5747,2019-07-30,s,11391
5748,2019-07-31,s,11362
5749,2019-08-01,s,11373
5750,2019-08-02,s,11414
5751,2019-08-03,s,9500
5752,2019-08-04,s,8256
5753,2019-08-05,s,11015
5754,2019-08-06,s,11395
5755,2019-08-07,s,11615
5756,2019-08-08,s,11735
5757,2019-08-09,s,11656
5758,2019-08-10,s,9833
5759,2019-08-11,s,8308
5760,2019-08-12,s,11285
5761,2019-08-13,s,11629
5762,2019-08-14,s,11720
5763,2019-08-15,s,11504
5764,2019-08-16,s,11459
5765,2019-08-17,s,9750
5766,2019-08-18,s,8553
5767,2019-08-19,s,11203
5768,2019-08-20,s,11640
5769,2019-08-21,s,11597
5770,2019-08-22,s,11524
5771,2019-08-23,s,11492
5772,2019-08-24,s,9795
5773,2019-08-25,s,8318
5774,2019-08-26,s,10982
5775,2019-08-27,s,11530
5776,2019-08-28,s,11523
5777,2019-08-29,s,11735
5778,2019-08-30,s,11828
5779,2019-08-31,s,9859
5780,2019-09-01,s,8288
5781,2019-09-02,s,10749
5782,2019-09-03,s,11313
5783,2019-09-04,s,11530
5784,2019-09-05,s,11620
5785,2019-09-06,s,11386
5786,2019-09-07,s,9020
5787,2019-09-08,s,8565
5788,2019-09-09,s,11597
5789,2019-09-10,s,12035
5790,2019-09-11,s,12092
5791,2019-09-12,s,11834
5792,2019-09-13,s,11468
5793,2019-09-14,s,9911
5794,2019-09-15,s,8803
5795,2019-09-16,s,11923
5796,2019-09-17,s,12000
5797,2019-09-18,s,11679
5798,2019-09-19,s,11511
5799,2019-09-20,s,10577
5800,2019-09-21,s,9255
5801,2019-09-22,s,8124
5802,2019-09-23,s,10781
5803,2019-09-24,s,11352
5804,2019-09-25,s,11428
5805,2019-09-26,s,11554
5806,2019-09-27,s,11493
5807,2019-09-28,s,9883
5808,2019-09-29,s,8605
5809,2019-09-30,s,11563
5810,2019-10-01,s,12401
5811,2019-10-02,s,12662
5812,2019-10-03,s,11918
5813,2019-10-04,s,11893
5814,2019-10-05,s,10196
5815,2019-10-06,s,8350
5816,2019-10-07,s,10815
5817,2019-10-08,s,11414
5818,2019-10-09,s,11820
5819,2019-10-10,s,12183
5820,2019-10-11,s,12662
5821,2019-10-12,s,10632
5822,2019-10-13,s,10067
5823,2019-10-14,s,12121
5824,2019-10-15,s,11799
5825,2019-10-16,s,11831
5826,2019-10-17,s,12080
5827,2019-10-18,s,12058
5828,2019-10-19,s,10108
5829,2019-10-20,s,8570
5830,2019-10-21,s,10973
5831,2019-10-22,s,11227
5832,2019-10-23,s,11474
5833,2019-10-24,s,11851
5834,2019-10-25,s,12084
5835,2019-10-26,s,10536
5836,2019-10-27,s,9283
5837,2019-10-28,s,11558
5838,2019-10-29,s,12261
5839,2019-10-30,s,13086
5840,2019-10-31,s,12558
5841,2019-11-01,s,11836
5842,2019-11-02,s,9854
5843,2019-11-03,s,9260
5844,2019-11-04,s,12074
5845,2019-11-05,s,12066
5846,2019-11-06,s,11683
5847,2019-11-07,s,11785
5848,2019-11-08,s,12035
5849,2019-11-09,s,10661
5850,2019-11-10,s,9012
5851,2019-11-11,s,11753
5852,2019-11-12,s,12268
5853,2019-11-13,s,12407
5854,2019-11-14,s,12152
5855,2019-11-15,s,9997
5856,2019-11-16,s,9560
5857,2019-11-17,s,8900
5858,2019-11-18,s,12199
5859,2019-11-19,s,12970
5860,2019-11-20,s,13453
5861,2019-11-21,s,13841
5862,2019-11-22,s,13865
5863,2019-11-23,s,11504
5864,2019-11-24,s,9190
5865,2019-11-25,s,12132
5866,2019-11-26,s,12389
5867,2019-11-27,s,12096
5868,2019-11-28,s,11995
5869,2019-11-29,s,12315
5870,2019-11-30,s,11322
5871,2019-12-01,s,9648
5872,2019-12-02,s,12039
5873,2019-12-03,s,12373
5874,2019-12-04,s,12638
5875,2019-12-05,s,12426
5876,2019-12-06,s,12303
5877,2019-12-07,s,10820
5878,2019-12-08,s,9647
5879,2019-12-09,s,12545
5880,2019-12-10,s,13326
5881,2019-12-11,s,13712
5882,2019-12-12,s,13865
5883,2019-12-13,s,13006
5884,2019-12-14,s,11259
5885,2019-12-15,s,9956
5886,2019-12-16,s,12070
5887,2019-12-17,s,12033
5888,2019-12-18,s,11746
5889,2019-12-19,s,11959
5890,2019-12-20,s,12314
5891,2019-12-21,s,10785
5892,2019-12-22,s,9279
5893,2019-12-23,s,10393
5894,2019-12-24,s,10058
5895,2019-12-25,s,9396
5896,2019-12-26,s,12007
5897,2019-12-27,s,12509
5898,2019-12-28,s,11883
5899,2019-12-29,s,11012
5900,2019-12-30,s,12158
5901,2019-12-31,s,11255
5902,2020-01-01,s,9970
5903,2020-01-02,s,11190
5904,2020-01-03,s,11121
5905,2020-01-04,s,10444
5906,2020-01-05,s,9791
5907,2020-01-06,s,12861
5908,2020-01-07,s,13524
5909,2020-01-08,s,13620
5910,2020-01-09,s,14531
5911,2020-01-10,s,14553
5912,2020-01-11,s,11907
5913,2020-01-12,s,10601
5914,2020-01-13,s,13474
5915,2020-01-14,s,13999
5916,2020-01-15,s,14459
5917,2020-01-16,s,13487
5918,2020-01-17,s,12444
5919,2020-01-18,s,10875
5920,2020-01-19,s,10136
5921,2020-01-20,s,13760
5922,2020-01-21,s,13851
5923,2020-01-22,s,12908
5924,2020-01-23,s,12658
5925,2020-01-24,s,12848
5926,2020-01-25,s,11562
5927,2020-01-26,s,10664
5928,2020-01-27,s,14089
5929,2020-01-28,s,14221
5930,2020-01-29,s,13864
5931,2020-01-30,s,13508
5932,2020-01-31,s,13653
5933,2020-02-01,s,11781
5934,2020-02-02,s,10267
5935,2020-02-03,s,13174
5936,2020-02-04,s,13652
5937,2020-02-05,s,14080
5938,2020-02-06,s,14451
5939,2020-02-07,s,14507
5940,2020-02-08,s,12705
5941,2020-02-09,s,10650
5942,2020-02-10,s,12766
5943,2020-02-11,s,12964
5944,2020-02-12,s,13155
5945,2020-02-13,s,13542
5946,2020-02-14,s,13741
5947,2020-02-15,s,12424
5948,2020-02-16,s,11269
5949,2020-02-17,s,14836
5950,2020-02-18,s,15047
5951,2020-02-19,s,14663
5952,2020-02-20,s,14539
5953,2020-02-21,s,13434
5954,2020-02-22,s,10714
5955,2020-02-23,s,9331
5956,2020-02-24,s,11903
5957,2020-02-25,s,12340
5958,2020-02-26,s,12475
5959,2020-02-27,s,12388
5960,2020-02-28,s,12678
5961,2020-02-29,s,11201
5962,2020-03-01,s,9663
5963,2020-03-02,s,12584
5964,2020-03-03,s,12968
5965,2020-03-04,s,13266
5966,2020-03-05,s,13347
5967,2020-03-06,s,13324
5968,2020-03-07,s,11494
5969,2020-03-08,s,10160
5970,2020-03-09,s,13707
5971,2020-03-10,s,14431
5972,2020-03-11,s,14596
5973,2020-03-12,s,14911
5974,2020-03-13,s,15247
5975,2020-03-14,s,13120
5976,2020-03-15,s,11488
5977,2020-03-16,s,14033
5978,2020-03-17,s,13958
5979,2020-03-18,s,13644
5980,2020-03-19,s,13249
5981,2020-03-20,s,12564
5982,2020-03-21,s,10640
5983,2020-03-22,s,9503
5984,2020-03-23,s,11282
5985,2020-03-24,s,11257
5986,2020-03-25,s,11181
5987,2020-03-26,s,11236
5988,2020-03-27,s,11156
5989,2020-03-28,s,10337
5990,2020-03-29,s,9546
5991,2020-03-30,s,11672
5992,2020-03-31,s,12054
5993,2020-04-01,s,11986
5994,2020-04-02,s,11603
5995,2020-04-03,s,10543
5996,2020-04-04,s,9405
5997,2020-04-05,s,8607
5998,2020-04-06,s,10766
5999,2020-04-07,s,10532
6000,2020-04-08,s,10395
6001,2020-04-09,s,10375
6002,2020-04-10,s,8342
6003,2020-04-11,s,8582
6004,2020-04-12,s,7975
6005,2020-04-13,s,10514
6006,2020-04-14,s,10744
6007,2020-04-15,s,10397
6008,2020-04-16,s,10504
6009,2020-04-17,s,10698
6010,2020-04-18,s,9430
6011,2020-04-19,s,8341
6012,2020-04-20,s,10127
6013,2020-04-21,s,10028
6014,2020-04-22,s,11173
6015,2020-04-23,s,11292
6016,2020-04-24,s,11124
6017,2020-04-25,s,10004
6018,2020-04-26,s,8969
6019,2020-04-27,s,11164
6020,2020-04-28,s,11452
6021,2020-04-29,s,11598
6022,2020-04-30,s,11305
6023,2020-05-01,s,9239
6024,2020-05-02,s,8775
6025,2020-05-03,s,8022
6026,2020-05-04,s,10515
6027,2020-05-05,s,10956
6028,2020-05-06,s,10823
6029,2020-05-07,s,10749
6030,2020-05-08,s,10749
6031,2020-05-09,s,9319
6032,2020-05-10,s,8103
6033,2020-05-11,s,10783
6034,2020-05-12,s,11338
6035,2020-05-13,s,11274
6036,2020-05-14,s,10943
6037,2020-05-15,s,10866
6038,2020-05-16,s,9379
6039,2020-05-17,s,8180
6040,2020-05-18,s,10623
6041,2020-05-19,s,10988
6042,2020-05-20,s,11224
6043,2020-05-21,s,11404
6044,2020-05-22,s,11069
6045,2020-05-23,s,9138
6046,2020-05-24,s,7939
6047,2020-05-25,s,10089
6048,2020-05-26,s,10575
6049,2020-05-27,s,10856
6050,2020-05-28,s,10897
6051,2020-05-29,s,10797
6052,2020-05-30,s,9243
6053,2020-05-31,s,8104
6054,2020-06-01,s,10789
6055,2020-06-02,s,11231
6056,2020-06-03,s,11254
6057,2020-06-04,s,11280
6058,2020-06-05,s,11085
6059,2020-06-06,s,9291
6060,2020-06-07,s,7941
6061,2020-06-08,s,10592
6062,2020-06-09,s,11202
6063,2020-06-10,s,10991
6064,2020-06-11,s,9305
6065,2020-06-12,s,9712
6066,2020-06-13,s,8758
6067,2020-06-14,s,7692
6068,2020-06-15,s,10131
6069,2020-06-16,s,10598
6070,2020-06-17,s,10729
6071,2020-06-18,s,10827
6072,2020-06-19,s,10816
6073,2020-06-20,s,9417
6074,2020-06-21,s,8163
6075,2020-06-22,s,10791
6076,2020-06-23,s,11094
6077,2020-06-24,s,11109
6078,2020-06-25,s,11154
6079,2020-06-26,s,10803
6080,2020-06-27,s,9440
6081,2020-06-28,s,8236
6082,2020-06-29,s,10977
6083,2020-06-30,s,10166
6084,2020-07-01,s,9803
6085,2020-07-02,s,10732
6086,2020-07-03,s,10821
6087,2020-07-04,s,9270
6088,2020-07-05,s,8136
6089,2020-07-06,s,10764
6090,2020-07-07,s,11254
6091,2020-07-08,s,11168
6092,2020-07-09,s,10892
6093,2020-07-10,s,10729
6094,2020-07-11,s,9376
6095,2020-07-12,s,8107
6096,2020-07-13,s,10716
6097,2020-07-14,s,11073
6098,2020-07-15,s,11111
6099,2020-07-16,s,11382
6100,2020-07-17,s,11073
6101,2020-07-18,s,9393
6102,2020-07-19,s,8006
6103,2020-07-20,s,10561
6104,2020-07-21,s,11048
6105,2020-07-22,s,11159
6106,2020-07-23,s,11129
6107,2020-07-24,s,11114
6108,2020-07-25,s,9508
6109,2020-07-26,s,8197
6110,2020-07-27,s,10857
6111,2020-07-28,s,11469
6112,2020-07-29,s,11425
6113,2020-07-30,s,11377
6114,2020-07-31,s,11209
6115,2020-08-01,s,9371
6116,2020-08-02,s,8005
6117,2020-08-03,s,10641
6118,2020-08-04,s,10972
6119,2020-08-05,s,11034
6120,2020-08-06,s,11163
6121,2020-08-07,s,11121
6122,2020-08-08,s,9552
6123,2020-08-09,s,8062
6124,2020-08-10,s,10883
6125,2020-08-11,s,11311
6126,2020-08-12,s,11619
6127,2020-08-13,s,11300
6128,2020-08-14,s,11147
6129,2020-08-15,s,9376
6130,2020-08-16,s,8096
6131,2020-08-17,s,10668
6132,2020-08-18,s,11032
6133,2020-08-19,s,11082
6134,2020-08-20,s,11342
6135,2020-08-21,s,11327
6136,2020-08-22,s,9587
6137,2020-08-23,s,8122
6138,2020-08-24,s,10750
6139,2020-08-25,s,11167
6140,2020-08-26,s,11260
6141,2020-08-27,s,11423
6142,2020-08-28,s,11393
6143,2020-08-29,s,9977
6144,2020-08-30,s,8611
6145,2020-08-31,s,11350
6146,2020-09-01,s,11684
6147,2020-09-02,s,11567
6148,2020-09-03,s,11688
6149,2020-09-04,s,11502
6150,2020-09-05,s,10013
6151,2020-09-06,s,8636
6152,2020-09-07,s,9482
6153,2020-09-08,s,11169
6154,2020-09-09,s,11664
6155,2020-09-10,s,11823
6156,2020-09-11,s,12007
6157,2020-09-12,s,10557
6158,2020-09-13,s,9025
6159,2020-09-14,s,11734
6160,2020-09-15,s,11683
6161,2020-09-16,s,11834
6162,2020-09-17,s,11703
6163,2020-09-18,s,11580
6164,2020-09-19,s,10061
6165,2020-09-20,s,8397
6166,2020-09-21,s,10956
6167,2020-09-22,s,11270
6168,2020-09-23,s,11456
6169,2020-09-24,s,11724
6170,2020-09-25,s,11853
6171,2020-09-26,s,10514
6172,2020-09-27,s,9131
6173,2020-09-28,s,11377
6174,2020-09-29,s,11725
6175,2020-09-30,s,12361
6176,2020-10-01,s,12854
6177,2020-10-02,s,13198
6178,2020-10-03,s,10974
6179,2020-10-04,s,9051
6180,2020-10-05,s,11936
6181,2020-10-06,s,12357
6182,2020-10-07,s,12532
6183,2020-10-08,s,12280
6184,2020-10-09,s,11878
6185,2020-10-10,s,9821
6186,2020-10-11,s,8375
6187,2020-10-12,s,9137
6188,2020-10-13,s,11737
6189,2020-10-14,s,12202
6190,2020-10-15,s,11957
6191,2020-10-16,s,11946
6192,2020-10-17,s,10476
6193,2020-10-18,s,9115
6194,2020-10-19,s,12226
6195,2020-10-20,s,12994
6196,2020-10-21,s,12889
6197,2020-10-22,s,12641
6198,2020-10-23,s,12501
6199,2020-10-24,s,11081
6200,2020-10-25,s,9674
6201,2020-10-26,s,12247
6202,2020-10-27,s,12160
6203,2020-10-28,s,12352
6204,2020-10-29,s,12368
6205,2020-10-30,s,11810
6206,2020-10-31,s,10136
6207,2020-11-01,s,8593
6208,2020-11-02,s,9131
6209,2020-11-03,s,11573
6210,2020-11-04,s,11834
6211,2020-11-05,s,11902
6212,2020-11-06,s,12068
6213,2020-11-07,s,10895
6214,2020-11-08,s,9751
6215,2020-11-09,s,12324
6216,2020-11-10,s,12637
6217,2020-11-11,s,12786
6218,2020-11-12,s,12883
6219,2020-11-13,s,12942
6220,2020-11-14,s,11716
6221,2020-11-15,s,10234
6222,2020-11-16,s,12942
6223,2020-11-17,s,12775
6224,2020-11-18,s,12462
6225,2020-11-19,s,12282
6226,2020-11-20,s,12309
6227,2020-11-21,s,10925
6228,2020-11-22,s,9594
6229,2020-11-23,s,12677
6230,2020-11-24,s,13502
6231,2020-11-25,s,14198
6232,2020-11-26,s,13995
6233,2020-11-27,s,13481
6234,2020-11-28,s,12026
6235,2020-11-29,s,10353
6236,2020-11-30,s,12967
6237,2020-12-01,s,12909
6238,2020-12-02,s,13231
6239,2020-12-03,s,12431
6240,2020-12-04,s,12534
6241,2020-12-05,s,10731
6242,2020-12-06,s,9042
6243,2020-12-07,s,11672
6244,2020-12-08,s,12493
6245,2020-12-09,s,12991
6246,2020-12-10,s,13305
6247,2020-12-11,s,14314
6248,2020-12-12,s,12470
6249,2020-12-13,s,10404
6250,2020-12-14,s,12646
6251,2020-12-15,s,13244
6252,2020-12-16,s,13652
6253,2020-12-17,s,13182
6254,2020-12-18,s,13368
6255,2020-12-19,s,11979
6256,2020-12-20,s,10223
6257,2020-12-21,s,12122
6258,2020-12-22,s,12177
6259,2020-12-23,s,12143
6260,2020-12-24,s,10845
6261,2020-12-25,s,9068
6262,2020-12-26,s,9830
6263,2020-12-27,s,9703
6264,2020-12-28,s,11758
6265,2020-12-29,s,12134
6266,2020-12-30,s,12407
6267,2020-12-31,s,10543
6268,2021-01-01,s,8557
6269,2021-01-02,s,9333
6270,2021-01-03,s,9390
6271,2021-01-04,s,12232
6272,2021-01-05,s,13072
6273,2021-01-06,s,13470
6274,2021-01-07,s,14091
6275,2021-01-08,s,14004
6276,2021-01-09,s,12427
6277,2021-01-10,s,11249
6278,2021-01-11,s,14747
6279,2021-01-12,s,14507
6280,2021-01-13,s,13845
6281,2021-01-14,s,13323
6282,2021-01-15,s,13770
6283,2021-01-16,s,12013
6284,2021-01-17,s,10411
6285,2021-01-18,s,12831
6286,2021-01-19,s,12820
6287,2021-01-20,s,12756
6288,2021-01-21,s,12854
6289,2021-01-22,s,12887
6290,2021-01-23,s,11346
6291,2021-01-24,s,10028
6292,2021-01-25,s,12924
6293,2021-01-26,s,13450
6294,2021-01-27,s,13501
6295,2021-01-28,s,13083
6296,2021-01-29,s,13069
6297,2021-01-30,s,11411
6298,2021-01-31,s,9878
6299,2021-02-01,s,12982
6300,2021-02-02,s,13747
6301,2021-02-03,s,14109
6302,2021-02-04,s,13480
6303,2021-02-05,s,12538
6304,2021-02-06,s,10856
6305,2021-02-07,s,9604
6306,2021-02-08,s,12711
6307,2021-02-09,s,13305
6308,2021-02-10,s,13399
6309,2021-02-11,s,13267
6310,2021-02-12,s,13053
6311,2021-02-13,s,11411
6312,2021-02-14,s,9921
6313,2021-02-15,s,12194
6314,2021-02-16,s,12661
6315,2021-02-17,s,13274
6316,2021-02-18,s,13407
6317,2021-02-19,s,13635
6318,2021-02-20,s,12189
6319,2021-02-21,s,10927
6320,2021-02-22,s,14372
6321,2021-02-23,s,14791
6322,2021-02-24,s,14133
6323,2021-02-25,s,13824
6324,2021-02-26,s,13548
6325,2021-02-27,s,11640
6326,2021-02-28,s,10194
6327,2021-03-01,s,12981
6328,2021-03-02,s,13789
6329,2021-03-03,s,13958
6330,2021-03-04,s,13501
6331,2021-03-05,s,12907
6332,2021-03-06,s,11083
6333,2021-03-07,s,9997
6334,2021-03-08,s,13156
6335,2021-03-09,s,13432
6336,2021-03-10,s,13140
6337,2021-03-11,s,13368
6338,2021-03-12,s,13535
6339,2021-03-13,s,12136
6340,2021-03-14,s,11087
6341,2021-03-15,s,13881
6342,2021-03-16,s,14606
6343,2021-03-17,s,14223
6344,2021-03-18,s,13559
6345,2021-03-19,s,13434
6346,2021-03-20,s,12048
6347,2021-03-21,s,11071
6348,2021-03-22,s,13695
6349,2021-03-23,s,13788
6350,2021-03-24,s,13790
6351,2021-03-25,s,13891
6352,2021-03-26,s,13851
6353,2021-03-27,s,11792
6354,2021-03-28,s,10202
6355,2021-03-29,s,12736
6356,2021-03-30,s,12581
6357,2021-03-31,s,12362
6358,2021-04-01,s,12202
6359,2021-04-02,s,9453
6360,2021-04-03,s,9927
6361,2021-04-04,s,9342
6362,2021-04-05,s,12519
6363,2021-04-06,s,13146
6364,2021-04-07,s,13062
6365,2021-04-08,s,13281
6366,2021-04-09,s,13713
6367,2021-04-10,s,12372
6368,2021-04-11,s,10731
6369,2021-04-12,s,12979
6370,2021-04-13,s,13196
6371,2021-04-14,s,13089
6372,2021-04-15,s,13142
6373,2021-04-16,s,13280
6374,2021-04-17,s,11475
6375,2021-04-18,s,9827
6376,2021-04-19,s,12341
6377,2021-04-20,s,12668
6378,2021-04-21,s,11469
6379,2021-04-22,s,12353
6380,2021-04-23,s,12337
6381,2021-04-24,s,10963
6382,2021-04-25,s,9564
6383,2021-04-26,s,12063
6384,2021-04-27,s,12378
6385,2021-04-28,s,12419
6386,2021-04-29,s,12483
6387,2021-04-30,s,12273
6388,2021-05-01,s,9850
6389,2021-05-02,s,9464
6390,2021-05-03,s,12599
6391,2021-05-04,s,13108
6392,2021-05-05,s,13025
6393,2021-05-06,s,12729
6394,2021-05-07,s,11984
6395,2021-05-08,s,10403
6396,2021-05-09,s,8903
6397,2021-05-10,s,11926
6398,2021-05-11,s,12545
6399,2021-05-12,s,12325
6400,2021-05-13,s,12188
6401,2021-05-14,s,12189
6402,2021-05-15,s,10519
6403,2021-05-16,s,9128
6404,2021-05-17,s,11815
6405,2021-05-18,s,12172
6406,2021-05-19,s,12288
6407,2021-05-20,s,12518
6408,2021-05-21,s,12548
6409,2021-05-22,s,10288
6410,2021-05-23,s,8753
6411,2021-05-24,s,11509
6412,2021-05-25,s,11949
6413,2021-05-26,s,12124
6414,2021-05-27,s,12170
6415,2021-05-28,s,12265
6416,2021-05-29,s,10243
6417,2021-05-30,s,8781
6418,2021-05-31,s,11581
6419,2021-06-01,s,11745
6420,2021-06-02,s,12080
6421,2021-06-03,s,10430
6422,2021-06-04,s,11213
6423,2021-06-05,s,10193
6424,2021-06-06,s,9185
6425,2021-06-07,s,11850
6426,2021-06-08,s,12227
6427,2021-06-09,s,11947
6428,2021-06-10,s,12031
6429,2021-06-11,s,11733
6430,2021-06-12,s,10061
6431,2021-06-13,s,8634
6432,2021-06-14,s,11466
6433,2021-06-15,s,12016
6434,2021-06-16,s,12296
6435,2021-06-17,s,12419
6436,2021-06-18,s,12468
6437,2021-06-19,s,10736
6438,2021-06-20,s,8912
6439,2021-06-21,s,11589
6440,2021-06-22,s,11923
6441,2021-06-23,s,11854
6442,2021-06-24,s,11865
6443,2021-06-25,s,11570
6444,2021-06-26,s,10428
6445,2021-06-27,s,9156
6446,2021-06-28,s,11759
6447,2021-06-29,s,12116
6448,2021-06-30,s,12164
6449,2021-07-01,s,11849
6450,2021-07-02,s,11670
6451,2021-07-03,s,10073
6452,2021-07-04,s,8903
6453,2021-07-05,s,11621
6454,2021-07-06,s,12023
6455,2021-07-07,s,11940
6456,2021-07-08,s,12169
6457,2021-07-09,s,12234
6458,2021-07-10,s,10806
6459,2021-07-11,s,9394
6460,2021-07-12,s,12002
6461,2021-07-13,s,12498
6462,2021-07-14,s,12574
6463,2021-07-15,s,12788
6464,2021-07-16,s,12620
6465,2021-07-17,s,10928
6466,2021-07-18,s,9525
6467,2021-07-19,s,12431
6468,2021-07-20,s,12895
6469,2021-07-21,s,12429
6470,2021-07-22,s,12285
6471,2021-07-23,s,12148
6472,2021-07-24,s,10483
6473,2021-07-25,s,9188
6474,2021-07-26,s,11966
6475,2021-07-27,s,12380
6476,2021-07-28,s,12469
6477,2021-07-29,s,12577
6478,2021-07-30,s,12413
6479,2021-07-31,s,10624
6480,2021-08-01,s,9237
6481,2021-08-02,s,11950
6482,2021-08-03,s,12226
6483,2021-08-04,s,12338
6484,2021-08-05,s,12227
6485,2021-08-06,s,12168
6486,2021-08-07,s,10630
6487,2021-08-08,s,9046
6488,2021-08-09,s,11940
6489,2021-08-10,s,12471
6490,2021-08-11,s,12329
6491,2021-08-12,s,12582
6492,2021-08-13,s,12392
6493,2021-08-14,s,10523
6494,2021-08-15,s,9259
6495,2021-08-16,s,12072
6496,2021-08-17,s,12444
6497,2021-08-18,s,12755
6498,2021-08-19,s,12973
6499,2021-08-20,s,12753
6500,2021-08-21,s,11055
6501,2021-08-22,s,9630
6502,2021-08-23,s,12342
6503,2021-08-24,s,12821
6504,2021-08-25,s,12841
6505,2021-08-26,s,12463
6506,2021-08-27,s,11985
6507,2021-08-28,s,10516
6508,2021-08-29,s,9099
6509,2021-08-30,s,11618
6510,2021-08-31,s,11952
6511,2021-09-01,s,12135
6512,2021-09-02,s,12366
6513,2021-09-03,s,12373
6514,2021-09-04,s,10618
6515,2021-09-05,s,9117
6516,2021-09-06,s,10911
6517,2021-09-07,s,10573
6518,2021-09-08,s,12068
6519,2021-09-09,s,11534
6520,2021-09-10,s,11416
6521,2021-09-11,s,10068
6522,2021-09-12,s,8851
6523,2021-09-13,s,12258
6524,2021-09-14,s,12176
6525,2021-09-15,s,11617
6526,2021-09-16,s,11683
6527,2021-09-17,s,11930
6528,2021-09-18,s,10161
6529,2021-09-19,s,9113
6530,2021-09-20,s,11789
6531,2021-09-21,s,12556
6532,2021-09-22,s,11959
6533,2021-09-23,s,11847
6534,2021-09-24,s,11977
6535,2021-09-25,s,10792
6536,2021-09-26,s,9452
6537,2021-09-27,s,12610
6538,2021-09-28,s,13360
6539,2021-09-29,s,12969
6540,2021-09-30,s,12749
6541,2021-10-01,s,12273
6542,2021-10-02,s,10652
6543,2021-10-03,s,9244
6544,2021-10-04,s,11742
6545,2021-10-05,s,11816
6546,2021-10-06,s,12303
6547,2021-10-07,s,12062
6548,2021-10-08,s,11840
6549,2021-10-09,s,10173
6550,2021-10-10,s,8469
6551,2021-10-11,s,10382
6552,2021-10-12,s,9411
6553,2021-10-13,s,11630
6554,2021-10-14,s,11933
6555,2021-10-15,s,12135
6556,2021-10-16,s,9987
6557,2021-10-17,s,8371
6558,2021-10-18,s,11017
6559,2021-10-19,s,11446
6560,2021-10-20,s,11428
6561,2021-10-21,s,11544
6562,2021-10-22,s,12130
6563,2021-10-23,s,10782
6564,2021-10-24,s,8793
6565,2021-10-25,s,11627
6566,2021-10-26,s,12440
6567,2021-10-27,s,12864
6568,2021-10-28,s,13152
6569,2021-10-29,s,13035
6570,2021-10-30,s,11251
6571,2021-10-31,s,9736
6572,2021-11-01,s,11704
6573,2021-11-02,s,10841
6574,2021-11-03,s,13255
6575,2021-11-04,s,13681
6576,2021-11-05,s,13876
6577,2021-11-06,s,11840
6578,2021-11-07,s,9884
6579,2021-11-08,s,12694
6580,2021-11-09,s,13118
6581,2021-11-10,s,13257
6582,2021-11-11,s,13205
6583,2021-11-12,s,13021
6584,2021-11-13,s,11088
6585,2021-11-14,s,9726
6586,2021-11-15,s,11012
6587,2021-11-16,s,13698
6588,2021-11-17,s,13724
6589,2021-11-18,s,13208
6590,2021-11-19,s,12805
6591,2021-11-20,s,10987
6592,2021-11-21,s,9795
6593,2021-11-22,s,13438
6594,2021-11-23,s,13936
6595,2021-11-24,s,13733
6596,2021-11-25,s,13828
6597,2021-11-26,s,13403
6598,2021-11-27,s,11638
6599,2021-11-28,s,10501
6600,2021-11-29,s,13400
6601,2021-11-30,s,13694
6602,2021-12-01,s,13749
6603,2021-12-02,s,13671
6604,2021-12-03,s,13472
6605,2021-12-04,s,11999
6606,2021-12-05,s,10705
6607,2021-12-06,s,13229
6608,2021-12-07,s,13089
6609,2021-12-08,s,12987
6610,2021-12-09,s,13221
6611,2021-12-10,s,13295
6612,2021-12-11,s,12079
6613,2021-12-12,s,11095
6614,2021-12-13,s,14580
6615,2021-12-14,s,14483
6616,2021-12-15,s,14466
6617,2021-12-16,s,14709
6618,2021-12-17,s,14345
6619,2021-12-18,s,12339
6620,2021-12-19,s,10763
6621,2021-12-20,s,13620
6622,2021-12-21,s,14006
6623,2021-12-22,s,13467
6624,2021-12-23,s,12524
6625,2021-12-24,s,10604
6626,2021-12-25,s,9232
6627,2021-12-26,s,10246
6628,2021-12-27,s,12343
6629,2021-12-28,s,12653
6630,2021-12-29,s,12586
6631,2021-12-30,s,12254
6632,2021-12-31,s,10690
6633,2022-01-01,s,9892
6634,2022-01-02,s,10933
6635,2022-01-03,s,13620
6636,2022-01-04,s,13944
6637,2022-01-05,s,13596
6638,2022-01-06,s,12913
6639,2022-01-07,s,12626
6640,2022-01-08,s,11232
6641,2022-01-09,s,10006
6642,2022-01-10,s,13013
6643,2022-01-11,s,14004
6644,2022-01-12,s,14493
6645,2022-01-13,s,14616
6646,2022-01-14,s,15054
6647,2022-01-15,s,13437
6648,2022-01-16,s,11937
6649,2022-01-17,s,14835
6650,2022-01-18,s,15097
6651,2022-01-19,s,15634
6652,2022-01-20,s,16208
6653,2022-01-21,s,16082
6654,2022-01-22,s,14285
6655,2022-01-23,s,12978
6656,2022-01-24,s,16219
6657,2022-01-25,s,16364
6658,2022-01-26,s,16383
6659,2022-01-27,s,15013
6660,2022-01-28,s,13302
6661,2022-01-29,s,11457
6662,2022-01-30,s,10109
6663,2022-01-31,s,13516
6664,2022-02-01,s,14340
6665,2022-02-02,s,14792
6666,2022-02-03,s,15395
6667,2022-02-04,s,14939
6668,2022-02-05,s,12703
6669,2022-02-06,s,10461
6670,2022-02-07,s,12948
6671,2022-02-08,s,13443
6672,2022-02-09,s,13722
6673,2022-02-10,s,14136
6674,2022-02-11,s,14563
6675,2022-02-12,s,12765
6676,2022-02-13,s,11141
6677,2022-02-14,s,13969
6678,2022-02-15,s,14459
6679,2022-02-16,s,14666
6680,2022-02-17,s,14708
6681,2022-02-18,s,14045
6682,2022-02-19,s,12177
6683,2022-02-20,s,11495
6684,2022-02-21,s,14825
6685,2022-02-22,s,15222
6686,2022-02-23,s,15038
6687,2022-02-24,s,15201
6688,2022-02-25,s,15234
6689,2022-02-26,s,13348
6690,2022-02-27,s,12014
